{"type": "FeatureCollection", "features": [{"type": "Feature", "geometry": {"type": "Polygon", "coordinates": [[[37.15000000000003, 0.20833333333335124], [37.147575547960095, 0.2086866590711982], [37.14409111870662, 0.2121466742621707], [37.12500000000002, 0.21250000000001767], [37.12154168023006, 0.21338738335505258], [37.12026604546443, 0.22304382324220562], [37.113067287868944, 0.23112284342449696], [37.1119327121311, 0.23554382324220535], [37.10890062120228, 0.2394561767578307], [37.10776604546443, 0.2438771565755391], [37.09629313151044, 0.2562384711371708], [37.0994327121311, 0.2602895100911642], [37.10056728786895, 0.2632466634114765], [37.09640062120228, 0.2686228434244975], [37.095266045464435, 0.2757466634114767], [37.0994327121311, 0.28112284342449767], [37.10056728786895, 0.28628506130644205], [37.09583333333336, 0.2875000000000183], [37.09498257107207, 0.2841840955946364], [37.089456176757835, 0.2827660454644283], [37.08554382324221, 0.27973395453560856], [37.0811228434245, 0.2785993787977614], [37.07574666341148, 0.27443271213109455], [37.07278951009117, 0.27556728786894213], [37.06054382324221, 0.2869327121310947], [37.056122843424504, 0.28806728786894187], [37.04804382324221, 0.29526604546442803], [37.04166666666669, 0.29583333333335204], [37.04166666666669, 0.3000000000000185], [37.04409111870662, 0.3003533257378659], [37.04964430067277, 0.3058787027994976], [37.05035332573787, 0.31492445203994945], [37.05381334092884, 0.3184088812934216], [37.054519992404536, 0.33575778537328294], [37.05798000759551, 0.3392422146267551], [37.05833333333336, 0.3666666666666858], [37.05798000759551, 0.36909111870661615], [37.05035332573787, 0.37674221462675517], [37.04964667426218, 0.3857577853732832], [37.0461866590712, 0.38924221462675535], [37.04548000759551, 0.3982577853732834], [37.04201999240453, 0.4017422146267555], [37.041313340928845, 0.40587972005210293], [37.0458187527127, 0.41041666666668597], [37.04201999240453, 0.4142422146267557], [37.04166666666669, 0.42500000000001936], [37.04519009060332, 0.4259043375651239], [37.04640062120228, 0.4426784939236308], [37.029733954535615, 0.4602895100911657], [37.028599378797765, 0.46760389539932534], [37.0369327121311, 0.4769561767578323], [37.03806728786895, 0.48971048990887445], [37.04109937879777, 0.49362284342449936], [37.04166666666669, 0.5041666666666869], [37.04825778537329, 0.5045199924045343], [37.051742214626756, 0.5079800075955063], [37.05659111870662, 0.5086866590712007], [37.060075547960096, 0.5121466742621732], [37.06666666666669, 0.5125000000000202], [37.06729736328127, 0.5700154622396041], [37.07716030544707, 0.571450805664083], [37.08950636121964, 0.5827158610026251], [37.12716030544707, 0.5839508056640832], [37.139506361219645, 0.5952158610026252], [37.14382697211374, 0.5964508056640834], [37.14783969455298, 0.5993825276692917], [37.158002387152806, 0.6008616129557502], [37.16188252766929, 0.6061730278863058], [37.163117472330754, 0.6146603054470696], [37.16604919433596, 0.618673027886306], [37.16728413899742, 0.6271603054470698], [37.18271586100263, 0.6436730278863059], [37.18443976508249, 0.649703301323806], [37.19367302788631, 0.6577158610026257], [37.1979936387804, 0.6589508056640838], [37.20617302788631, 0.666049194335959], [37.20833333333336, 0.6666666666666883], [37.208691406250026, 0.6691236707899519], [37.21424221462676, 0.6746466742621742], [37.22916666666669, 0.6750000000000216], [37.23137715657555, 0.674432712131098], [37.23528951009117, 0.6714006212022783], [37.23971048990888, 0.6702660454644311], [37.247789510091174, 0.663067287868945], [37.252210489908876, 0.6619327121310978], [37.25612284342451, 0.6589006212022785], [37.26471048990888, 0.657766045464431], [37.2686228434245, 0.6547339545356117], [37.27414923773874, 0.6533159044054035], [37.27596774631079, 0.646229383680577], [37.2825866699219, 0.6410993787977644], [37.28971048990888, 0.6422339545356115], [37.2950866699219, 0.6464006212022784], [37.29804382324221, 0.6452660454644312], [37.30739610460072, 0.6369327121310975], [37.32721048990888, 0.6380672878689451], [37.3325866699219, 0.6422339545356115], [37.336688910590304, 0.6406599256727645], [37.33750000000003, 0.637500000000021], [37.34166666666669, 0.637500000000021], [37.341049194335966, 0.6353396945529726], [37.33811747233076, 0.6313269721137367], [37.336882527669296, 0.6228396945529724], [37.325617472330755, 0.6104936387804032], [37.323893568250895, 0.604463365342903], [37.31466030544708, 0.5964508056640834], [37.30449761284725, 0.5949717203776252], [37.30061747233076, 0.5896603054470697], [37.299382527669295, 0.5811730278863054], [37.29645080566409, 0.5771603054470695], [37.295026312934056, 0.5673723008897777], [37.275993516710095, 0.5659745958116527], [37.27500000000003, 0.5625000000000209], [37.27464633517798, 0.5433820936415135], [37.264924452039956, 0.533686659071201], [37.262500000000024, 0.5333333333333536], [37.262500000000024, 0.5291666666666872], [37.2619327121311, 0.526956176757833], [37.25890062120228, 0.5230438232422077], [37.257766045464436, 0.5144561767578328], [37.25473395453562, 0.5105438232422079], [37.253599378797766, 0.5061228434244995], [37.2494327121311, 0.5007466634114786], [37.25056728786895, 0.49362284342449936], [37.253599378797766, 0.48971048990887445], [37.25473395453562, 0.48528951009116605], [37.257766045464436, 0.4813771565755407], [37.25904168023006, 0.4717207166883881], [37.26581590440541, 0.46998257107206864], [37.26723395453561, 0.4644561767578326], [37.27026604546443, 0.4605438232422072], [37.27140062120228, 0.4477895100911655], [37.2744327121311, 0.4438771565755406], [37.27500000000003, 0.4416666666666864], [37.275353325737875, 0.39757554796008865], [37.27881334092884, 0.3940911187066165], [37.27916666666669, 0.3833333333333524], [37.28578694661461, 0.3829783121744983], [37.29165242513023, 0.3770836724175539], [37.287146674262175, 0.3725463867187693], [37.28785332573787, 0.3559088812934217], [37.291313340928845, 0.35242445203994954], [37.29201999240454, 0.3475755479600884], [37.29964667426218, 0.33992445203994937], [37.30035332573787, 0.3350755479600882], [37.308686659071206, 0.3267157660590465], [37.30798000759551, 0.322575547960088], [37.30418124728735, 0.31875000000001874], [37.3083187527127, 0.31458333333335187], [37.30381334092885, 0.31004638671876883], [37.304519992404536, 0.29340888129342124], [37.31214667426218, 0.2857577853732822], [37.31250000000003, 0.28333333333335187], [37.31315544976131, 0.2728776719835251], [37.32126125759551, 0.26334906684029624], [37.30027262369794, 0.2617058648003656], [37.296488783094645, 0.2562889946831781], [37.29517788357207, 0.22287767198352482], [37.292322116427975, 0.21878899468317758], [37.29101121690541, 0.1978776719835249], [37.288127983940996, 0.19375000000001785], [37.29101121690541, 0.1896223280165108], [37.29264967176652, 0.1843163384331774], [37.295833333333356, 0.1833333333333509], [37.29526604546444, 0.17695617675783026], [37.29223395453562, 0.1730438232422049], [37.29109937879777, 0.1602895100911632], [37.28806728786895, 0.1563771565755383], [37.28683878580732, 0.14256625705296866], [37.28333333333336, 0.14166666666668393], [37.28368835449221, 0.13504638671876723], [37.28924221462676, 0.12951999240453116], [37.29828796386721, 0.12881096733942687], [37.30415242513023, 0.12291700575088527], [37.29964667426218, 0.11837972005210062], [37.30035332573787, 0.10590888129341991], [37.30381334092885, 0.10242445203994732], [37.304519992404536, 0.09340888129341973], [37.30798000759551, 0.08992445203994759], [37.308686659071206, 0.08507554796008643], [37.31631334092884, 0.07742445203994741], [37.31666666666669, 0.0666666666666833], [37.31424221462676, 0.06701999240453071], [37.31075778537329, 0.07048000759550277], [37.30833333333336, 0.07083333333335018], [37.30195617675784, 0.07140062120227375], [37.29258626302086, 0.07974955240887116], [37.29109937879777, 0.08554382324220455], [37.279733954535615, 0.09778951009116277], [37.278599378797765, 0.10221048990887116], [37.27556728786895, 0.10612284342449607], [37.27414923773874, 0.11164923773873214], [37.2686228434245, 0.11306728786894071], [37.26471048990888, 0.11609937879776], [37.25195617675784, 0.11723395453560759], [37.24790785047745, 0.12037150065105884], [37.23971048990888, 0.11306728786894071], [37.23239610460072, 0.11193271213109357], [37.223043823242215, 0.12026604546442687], [37.218622843424505, 0.12140062120227402], [37.20637715657554, 0.13276604546442705], [37.20195617675784, 0.1339006212022742], [37.19804382324221, 0.13693271213109348], [37.19362284342451, 0.13806728786894107], [37.18846774631079, 0.14206271701390616], [37.1869327121311, 0.148043823242205], [37.18293728298614, 0.1531989203559201], [37.176956176757834, 0.15473395453560768], [37.17153761121964, 0.15925292968751759], [37.17026604546443, 0.16887715657553848], [37.16723395453562, 0.1727895100911634], [37.16609937879777, 0.17721048990887178], [37.16306728786895, 0.1811228434244967], [37.1619327121311, 0.18554382324220509], [37.15890062120228, 0.18945617675783], [37.157766045464435, 0.1938771565755384], [37.154733954535615, 0.19778951009116374], [37.153599378797765, 0.20221048990887214], [37.150567287868945, 0.20612284342449705], [37.15000000000003, 0.20833333333335124]]]}, "properties": {"zone_key": "bas_ewaso", "name": "Ewaso Ng'iro upper", "iso3": "KEN", "hybas_id": 1071129500, "next_down": 1071130860, "area_km2": 1309, "downstream": null, "routing_days": null}}, {"type": "Feature", "geometry": {"type": "Polygon", "coordinates": [[[39.41250000000002, -0.04166666666663499], [39.42304382324221, -0.04223395453555856], [39.42695617675784, -0.045266045464377846], [39.43554382324221, -0.04640062120222499], [39.440920003255236, -0.050567287868891864], [39.448043823242216, -0.04943271213104472], [39.45342000325523, -0.045266045464377846], [39.46054382324221, -0.04640062120222499], [39.472789510091175, -0.057766045464378024], [39.478315904405406, -0.05918426513668695], [39.48001742892798, -0.06581573486324954], [39.48554382324222, -0.06723395453555847], [39.48945617675784, -0.0702660454643782], [39.49512498643666, -0.07172071668833668], [39.49654168023006, -0.08244594997826704], [39.50000000000003, -0.08333333333330195], [39.5003580729167, -0.08579016791446525], [39.50590888129343, -0.09131334092878785], [39.50833333333336, -0.09166666666663525], [39.510543823242216, -0.09223395453555883], [39.51445617675784, -0.09526604546437811], [39.52304382324221, -0.0964006212022257], [39.52695617675784, -0.09943271213104499], [39.53267211914065, -0.10089959038625329], [39.533900621202285, -0.11471048990882293], [39.54526604546444, -0.12695617675778115], [39.54640062120228, -0.13137715657548954], [39.54943271213111, -0.1352895100911149], [39.55070292154951, -0.14490407307939623], [39.560289510091174, -0.15359937879771213], [39.573043823242216, -0.15473395453555927], [39.57695617675784, -0.157766045464379], [39.582750447591174, -0.15925309922956998], [39.59109937879777, -0.16862284342444855], [39.5916666666667, -0.17499999999996918], [39.59409111870662, -0.1753533257378166], [39.5975755479601, -0.17881334092878864], [39.60000000000003, -0.17916666666663605], [39.602424452039955, -0.17951999240448302], [39.60590888129343, -0.18298000759545552], [39.61079033745663, -0.18369140624996927], [39.61631334092885, -0.18924221462670543], [39.616666666666696, -0.19166666666663623], [39.62742445203996, -0.1920199924044832], [39.63090888129343, -0.1954800075954557], [39.63333333333336, -0.19583333333330266], [39.63575778537329, -0.19618665907115007], [39.63924221462676, -0.19964667426212213], [39.645833333333364, -0.19999999999996954], [39.64640062120228, -0.20221048990882373], [39.6494327121311, -0.20612284342444864], [39.65070834689673, -0.21577928331160168], [39.65637715657555, -0.21723395453555971], [39.660289510091175, -0.22026604546437945], [39.66250000000003, -0.22083333333330302], [39.663067287868955, -0.2230438232421572], [39.66723395453562, -0.2284200032551782], [39.666099378797774, -0.2438771565754907], [39.661932712131104, -0.24925333658851168], [39.66350674099395, -0.25335574679901507], [39.66887715657555, -0.25473395453556025], [39.67278951009117, -0.25776604546437953], [39.67831590440541, -0.25918426513668846], [39.679166666666696, -0.26249999999997], [39.67674221462676, -0.26285332573781695], [39.67118733723961, -0.26838039822045623], [39.67083333333336, -0.28333333333330346], [39.67140062120229, -0.28554382324215766], [39.67443271213111, -0.28945617675778257], [39.67556728786895, -0.29387715657549096], [39.67859937879777, -0.29778951009111587], [39.67973395453562, -0.30221048990882426], [39.6869327121311, -0.31028951009111605], [39.688350762261315, -0.31581573486325176], [39.69515618218319, -0.31756218804250524], [39.71204121907555, -0.33540395100908516], [39.70890062120228, -0.33945617675778283], [39.708333333333364, -0.3541666666666372], [39.7166666666667, -0.3541666666666372], [39.72742445203996, -0.35381334092879024], [39.73090888129343, -0.35035332573781774], [39.73333333333336, -0.3499999999999708], [39.74482116699222, -0.3506181504991024], [39.757766045464436, -0.3644561767577832], [39.75890062120229, -0.3688771565754916], [39.77443271213111, -0.38528951009111667], [39.77556728786895, -0.38971048990882506], [39.77859937879777, -0.39362284342445], [39.7798278808594, -0.4074337429470196], [39.78710394965281, -0.40930107964406837], [39.791099378797774, -0.41445617675778346], [39.79166666666669, -0.41666666666663765], [39.788103908962704, -0.4175810072156829], [39.786932712131104, -0.45093722873261033], [39.79526604546444, -0.4602895100911173], [39.79640062120229, -0.4647104899088257], [39.83843926323787, -0.5076317681206315], [39.849112616644994, -0.5090418497721072], [39.850567287868955, -0.514710489908826], [39.853599378797774, -0.5186228434244513], [39.85416666666668, -0.5208333333333055], [39.85063764784073, -0.5217390272352151], [39.84943271213109, -0.5397104899088263], [39.84640062120227, -0.5436228434244512], [39.84583333333336, -0.5499999999999723], [39.853267076280396, -0.5506612141926808], [39.854733954535604, -0.5563771565754929], [39.85776604546442, -0.5602895100911183], [39.858900621202274, -0.5688771565754931], [39.86193271213109, -0.5727895100911184], [39.86306728786894, -0.5772104899088264], [39.866099378797756, -0.5811228434244518], [39.86666666666668, -0.583333333333306], [39.86730940077042, -0.5854683770073508], [39.870190599229616, -0.589531622992594], [39.87147606743708, -0.597968377007351], [39.87856394449871, -0.6062450832790525], [39.87564273410375, -0.6103649563259275], [39.87435726589628, -0.6188017103406844], [39.86657833523222, -0.6278856065537921], [39.87502356635201, -0.6304282294379071], [39.87852393256295, -0.6353649563259278], [39.88037601047093, -0.6415167914496256], [39.889531622992635, -0.6493572658962403], [39.90480940077041, -0.6509155273437228], [39.90352393256295, -0.6729683770073516], [39.90064273410375, -0.6770316229925948], [39.899357265896285, -0.6813017103406849], [39.89647606743708, -0.6853649563259281], [39.895190599229615, -0.6896350436740186], [39.888142734103745, -0.6978649563259283], [39.88750000000003, -0.6999999999999735], [39.88714667426218, -0.7024244520399039], [39.879519992404546, -0.7100755479600429], [39.8791666666667, -0.720833333333307], [39.87881334092885, -0.7232577853732374], [39.875353325737876, -0.72674221462671], [39.87500000000003, -0.7583333333333071], [39.875850762261315, -0.7616490681965886], [39.88359781901045, -0.7636371188693314], [39.879733954535624, -0.7686228434244531], [39.87859937879777, -0.7813771565754948], [39.8744327121311, -0.7867533365885158], [39.875567287868954, -0.793877156575495], [39.87859937879777, -0.7977895100911199], [39.87986924913197, -0.8074001736110854], [39.89362284342451, -0.820266045464384], [39.89960394965281, -0.8218010796440716], [39.90359937879777, -0.8269561767577871], [39.90513441297746, -0.8329374525281863], [39.910289510091175, -0.836932712131051], [39.919904242621556, -0.8382029215494535], [39.92859937879777, -0.8477895100911206], [39.929166666666696, -0.8541666666666412], [39.92854885525177, -0.8656480577256693], [39.90221048990888, -0.8910993787977182], [39.88431226942277, -0.8922993977864335], [39.879733954535624, -0.8977895100911208], [39.87795172797312, -0.9047339545355655], [39.867557101779546, -0.9034698486327875], [39.86609937879777, -0.8977895100911208], [39.86306728786895, -0.8938771565754959], [39.86250000000003, -0.8916666666666417], [39.85833333333336, -0.8916666666666417], [39.85767211914065, -0.8842329237195932], [39.8541666666667, -0.8833333333333084], [39.853599378797774, -0.8811228434244542], [39.850567287868955, -0.8772104899088289], [39.849432712131104, -0.8686228434244541], [39.846400621202285, -0.8647104899088287], [39.84526604546444, -0.8477895100911206], [39.84223395453562, -0.8438771565754952], [39.840958319769996, -0.8342207166883426], [39.83528951009117, -0.8327660454643842], [39.827210489908886, -0.825567287868898], [39.815920003255236, -0.8244327121310508], [39.81054382324222, -0.8285993787977177], [39.7950866699219, -0.8297339545355649], [39.789710489908884, -0.825567287868898], [39.781122843424505, -0.8244327121310508], [39.77596774631079, -0.8204374525281861], [39.77443271213111, -0.8144561767577869], [39.77140062120229, -0.810543823242162], [39.76998257107208, -0.8050175984700263], [39.76445617675784, -0.8035993787977174], [39.760543823242216, -0.8005672878688976], [39.751956176757844, -0.7994327121310505], [39.74232143825958, -0.7906936645507554], [39.741666666666696, -0.7833333333333075], [39.73924221462676, -0.78298000759546], [39.72325778537329, -0.7670199924044878], [39.714242214626765, -0.7663133409287934], [39.71075778537329, -0.7628533257378209], [39.6975755479601, -0.7621466742621266], [39.687857733832494, -0.75245513916013], [39.68750000000003, -0.7499999999999738], [39.68714667426218, -0.7475755479600434], [39.67951999240454, -0.7399244520399044], [39.679166666666696, -0.7333333333333072], [39.6725755479601, -0.7329800075954598], [39.66075778537329, -0.721186659071154], [39.65590888129343, -0.7204800075954596], [39.65242445203996, -0.7170199924044875], [39.65000000000003, -0.7166666666666401], [39.646541680230065, -0.7157792833116057], [39.64526604546444, -0.7061228434244526], [39.63806728786895, -0.6980438232421609], [39.636612616644996, -0.6923751831054421], [39.626956176757844, -0.6910993787977162], [39.62180107964412, -0.6871041191948519], [39.62083333333336, -0.6833333333333065], [39.61424221462676, -0.6829800075954595], [39.610757785373295, -0.679519992404487], [39.60590888129343, -0.6788133409287926], [39.602424452039955, -0.6753533257378206], [39.59340888129343, -0.6746466742621262], [39.58992445203996, -0.6711866590711537], [39.583333333333364, -0.6708333333333067], [39.58001742892798, -0.669982401529921], [39.57831590440541, -0.6633509318033584], [39.57168409559465, -0.6616490681965876], [39.570266045464436, -0.6561228434244524], [39.56627061631947, -0.6509677463107368], [39.560289510091174, -0.6494327121310493], [39.55221048990888, -0.6422339545355631], [39.54778951009117, -0.641099378797716], [39.539710489908884, -0.6339006212022298], [39.535289510091175, -0.6327660454643826], [39.531377156575545, -0.6297339545355634], [39.52695617675784, -0.6285993787977158], [39.52304382324221, -0.6255672878688965], [39.52083333333336, -0.6249999999999729], [39.52026604546444, -0.6227895100911187], [39.516270616319474, -0.6176344129774032], [39.50918409559465, -0.6158157348632538], [39.507482571072075, -0.6091842651366917], [39.50085076226131, -0.6074824015299205], [39.4994327121311, -0.6019561767577852], [39.492233954535614, -0.5938771565754934], [39.491666666666696, -0.5916666666666393], [39.49070231119794, -0.5884641859266218], [39.485365125868086, -0.5868572658962399], [39.47713487413197, -0.5798094007703716], [39.467680867513046, -0.5783688015407709], [39.46563652886287, -0.5715783013237572], [39.45077141655818, -0.570061916775146], [39.450000000000024, -0.5624999999999725], [39.449149237738744, -0.559184265136691], [39.44362284342451, -0.557766045464382], [39.438204277886314, -0.5532472398545729], [39.4369327121311, -0.5436228434244512], [39.433900621202284, -0.5397104899088263], [39.43276604546443, -0.5352895100911179], [39.42140062120228, -0.5230438232421597], [39.42026604546444, -0.5102895100911176], [39.41723395453562, -0.5063771565754926], [39.415815904405406, -0.5008509318033574], [39.410289510091175, -0.499432712131048], [39.40221048990888, -0.49223395453556185], [39.39778951009117, -0.4910993787977147], [39.39387715657555, -0.4880672878688954], [39.38945617675784, -0.4869327121310483], [39.38008626302086, -0.47858378092445086], [39.37916666666669, -0.47499999999997167], [39.36445617675784, -0.4744327121310481], [39.36054382324221, -0.47140062120222836], [39.35342000325524, -0.4702660454643812], [39.34790513780384, -0.47454020182288836], [39.33554382324221, -0.46306728786889506], [39.32695617675784, -0.4619327121310479], [39.318877156575546, -0.45473395453556176], [39.309220716688394, -0.45345815022783587], [39.30833333333336, -0.4499999999999713], [39.30744594997832, -0.44654184977210676], [39.29778951009117, -0.4452660454643813], [39.28971048990888, -0.43806728786889515], [39.28675333658857, -0.43693271213104756], [39.281377156575545, -0.44109937879771444], [39.276956176757835, -0.4422339545355616], [39.27304382324221, -0.4452660454643813], [39.27083333333336, -0.4458333333333049], [39.25590888129343, -0.44618665907115185], [39.25242445203995, -0.44964667426212435], [39.25000000000003, -0.4499999999999713], [39.246684095594645, -0.45085093180335667], [39.24583333333336, -0.4541666666666382], [39.24166666666669, -0.4541666666666382], [39.23835076226131, -0.45501759847002354], [39.237500000000026, -0.4583333333333046], [39.23507554796009, -0.45798000759545765], [39.22325778537329, -0.44618665907115185], [39.21840888129343, -0.4454800075954575], [39.21492445203995, -0.4420199924044854], [39.205908881293425, -0.4413133409287906], [39.202424452039956, -0.43785332573781854], [39.18924221462676, -0.43714667426212417], [39.18575778537329, -0.43368665907115167], [39.18333333333336, -0.4333333333333047], [39.170833333333356, -0.4333333333333047], [39.1686228434245, -0.4339006212022283], [39.16471048990888, -0.43693271213104756], [39.156122843424505, -0.43806728786889515], [39.15221048990888, -0.44109937879771444], [39.105381605360265, -0.4422339545355616], [39.10325758192277, -0.4339569091796589], [39.09166666666669, -0.4333333333333047], [39.09130859375002, -0.435790167914468], [39.08575778537329, -0.4413133409287906], [39.07257554796009, -0.4420199924044854], [39.06492445203995, -0.44964667426212435], [39.055908881293426, -0.4503533257378187], [39.05242445203995, -0.4538133409287908], [39.045833333333356, -0.4541666666666382], [39.045215861002625, -0.45632680257158587], [39.04228413899742, -0.4603398640950238], [39.04050801595054, -0.4665527343749716], [39.03549363878041, -0.47021569146047515], [39.02573513454863, -0.4716359456379924], [39.02500000000002, -0.47916666666663854], [39.02464667426218, -0.4815911187065689], [39.021186659071205, -0.48507554796004104], [39.02083333333336, -0.49583333333330515], [39.01441853841148, -0.4963628133137741], [39.010581461588565, -0.4994705200195031], [38.9948927137587, -0.5005294799804405], [38.98974812825523, -0.4963628133137741], [38.97387830946183, -0.4953038533528362], [38.96058146158856, -0.5078038533528364], [38.95322604709204, -0.5088628133137738], [38.948081461588565, -0.5046961466471074], [38.93108520507815, -0.50363718668617], [38.92724812825523, -0.5005294799804405], [38.89905938042537, -0.4994705200195031], [38.8939147949219, -0.50363718668617], [38.88641696506079, -0.5046961466471074], [38.87724812825523, -0.4963628133137741], [38.860251871744815, -0.4953038533528362], [38.856414794921896, -0.4921961466471072], [38.8448927137587, -0.4911371866861698], [38.83974829779733, -0.4953038533528362], [38.803225877549934, -0.4963628133137741], [38.796832614474845, -0.491184658474364], [38.79243927001955, -0.4925530327690688], [38.791666666666686, -0.49583333333330515], [38.78750000000002, -0.49583333333330515], [38.78333333333335, -0.49583333333330515], [38.75508473714195, -0.49524434407549256], [38.75416666666669, -0.4916666666666383], [38.743408881293426, -0.4920199924044857], [38.73992445203995, -0.49548000759545774], [38.73090888129342, -0.49618665907115256], [38.727424452039955, -0.4996466742621246], [38.72257554796009, -0.500353325737819], [38.71702473958335, -0.505876498752142], [38.71631334092884, -0.5107577853732357], [38.694120449490036, -0.5329757690429409], [38.68924221462676, -0.5336866590711526], [38.68575778537328, -0.5371466742621247], [38.68333333333335, -0.5374999999999721], [38.67700653076174, -0.5381176418728022], [38.6729934692383, -0.5410490247938089], [38.66329413519967, -0.5424608018662918], [38.66188235812719, -0.55216013590492], [38.65895097520618, -0.5561731974283579], [38.65833333333335, -0.5583333333333056], [38.64757554796009, -0.558686659071153], [38.64409111870662, -0.5621466742621251], [38.63507554796009, -0.5628533257378194], [38.631591118706616, -0.5663133409287919], [38.6107871161567, -0.5670199924044863], [38.60659111870662, -0.5628533257378194], [38.604166666666686, -0.5624999999999725], [38.60174221462675, -0.5628533257378194], [38.598257785373285, -0.5663133409287919], [38.59340888129342, -0.5670199924044863], [38.58992445203995, -0.5704800075954584], [38.5857871161567, -0.5711866590711532], [38.58159111870662, -0.5670199924044863], [38.57745378282337, -0.5663133409287919], [38.573257785373286, -0.5704800075954584], [38.56424221462676, -0.5711866590711532], [38.56075778537328, -0.5746466742621252], [38.551742214626756, -0.5753533257378196], [38.54825778537328, -0.5788133409287921], [38.51912044949004, -0.5795199924044865], [38.51492445203995, -0.5753533257378196], [38.50000000000002, -0.5749999999999726], [38.48750000000002, -0.5749999999999726], [38.486649068196634, -0.5716842651366911], [38.48333333333335, -0.5708333333333058], [38.479166666666686, -0.5708333333333058], [38.46840888129342, -0.5704800075954584], [38.46492445203995, -0.5670199924044863], [38.46007554796009, -0.5663133409287919], [38.45625000000002, -0.5625145806206322], [38.45208333333335, -0.5666520860459792], [38.44825778537328, -0.5628533257378194], [38.43924221462675, -0.5621466742621251], [38.43575778537328, -0.558686659071153], [38.43090888129342, -0.5579800075954586], [38.41909111870662, -0.5461866590711528], [38.40661688910592, -0.5454800075954584], [38.39409111870661, -0.5579800075954586], [38.377453782823366, -0.558686659071153], [38.37325778537328, -0.5545199924044861], [38.36840888129342, -0.5538133409287918], [38.36075778537328, -0.5461866590711528], [38.34340888129342, -0.5454800075954584], [38.33575778537328, -0.5378533257378195], [38.320833333333354, -0.5374999999999721], [38.31424221462675, -0.5371466742621247], [38.31075778537328, -0.5336866590711526], [38.30590888129342, -0.5329800075954583], [38.29409111870662, -0.5211866590711525], [38.28507554796008, -0.5204800075954581], [38.281250000000014, -0.5166812472872984], [38.27708333333335, -0.5208187527126458], [38.27325778537328, -0.517019992404486], [38.260075547960085, -0.5163133409287912], [38.256591118706616, -0.5128533257378192], [38.254166666666684, -0.5124999999999718], [38.25501759847007, -0.5091842651366907], [38.25833333333335, -0.5083333333333053], [38.258686659071195, -0.5059088812933745], [38.26214667426217, -0.5024244520399024], [38.26250000000002, -0.4916666666666383], [38.277210489908875, -0.4910993787977147], [38.2811228434245, -0.4880672878688954], [38.28554382324221, -0.4869327121310483], [38.293622843424494, -0.4797339545355621], [38.299149068196634, -0.47831573486325274], [38.30113711886938, -0.47056867811412095], [38.3061228434245, -0.4744327121310481], [38.32916666666669, -0.47499999999997167], [38.33006625705297, -0.4714945475260133], [38.33750000000002, -0.4708333333333048], [38.338350931803404, -0.4675175984700237], [38.34166666666668, -0.46666666666663836], [38.34166666666668, -0.4624999999999715], [38.34251759847007, -0.4591842651366904], [38.34941711425783, -0.45741356743703765], [38.35776604546443, -0.4480438232421591], [38.358900621202274, -0.4436228434244507], [38.36193271213109, -0.43971048990882533], [38.36346774631078, -0.43372921413842613], [38.3686228434245, -0.4297339545355614], [38.373043823242206, -0.42859937879771426], [38.37695617675783, -0.425567287868895], [38.38137715657554, -0.42443271213104783], [38.38528951009116, -0.4214006212022281], [38.38971048990887, -0.42026604546438096], [38.41147477891712, -0.3994327121310475], [38.42721048990887, -0.4005672878688946], [38.432586669921896, -0.4047339545355615], [38.435543823242206, -0.4035993787977139], [38.43945617675783, -0.4005672878688946], [38.44804382324221, -0.3994327121310475], [38.456122843424495, -0.3922339545355613], [38.45833333333335, -0.39166666666663774], [38.458688184950105, -0.38504621717662024], [38.46424221462676, -0.379519992404485], [38.47083333333335, -0.37916666666663756], [38.47304382324221, -0.378599378797714], [38.47819892035592, -0.37460411919484926], [38.48001759847007, -0.36751759847002274], [38.4855438232422, -0.3660993787977138], [38.490698920355925, -0.3621041191948491], [38.49166666666669, -0.3583333333333041], [38.492019992404536, -0.3559088812933733], [38.4954800075955, -0.35242445203990114], [38.49583333333335, -0.3499999999999708], [38.49640062120228, -0.3477895100911166], [38.499432712131096, -0.3438771565754912], [38.500850931803406, -0.33835093180335596], [38.504166666666684, -0.3374999999999706], [38.508333333333354, -0.3374999999999706], [38.51666666666669, -0.3374999999999706], [38.51764967176651, -0.33431633843313024], [38.52295566134985, -0.332677883572019], [38.52704433865019, -0.32982211642792203], [38.54507717556425, -0.32841050889754], [38.54648878309464, -0.3103776719834772], [38.54937184651695, -0.30624999999997016], [38.546461486816426, -0.3020833333333037], [38.549344550238736, -0.2979556613497967], [38.5506554497613, -0.2937110053168106], [38.55767788357207, -0.2854556613497965], [38.558988783094634, -0.2812110053168104], [38.56184455023873, -0.2771223280164632], [38.563155449761304, -0.2702518039279216], [38.55482211642797, -0.26045566134979614], [38.5535112169054, -0.25358513726125453], [38.56184455023873, -0.24378899468312953], [38.563155449761304, -0.2353776719834766], [38.566038513183614, -0.23124999999996954], [38.563155449761304, -0.22712232801646293], [38.56250000000002, -0.22083333333330302], [38.56285332573787, -0.21840888129337221], [38.566313340928836, -0.21492445203990007], [38.56701999240453, -0.2100755479600389], [38.570480007595506, -0.20659111870656677], [38.5711866590712, -0.18578711615665355], [38.56701999240453, -0.1815911187065664], [38.566313340928836, -0.15662044948998632], [38.570480007595506, -0.15242445203989963], [38.5711866590712, -0.14757554796003847], [38.57464667426217, -0.14409111870656632], [38.575353325737865, -0.12674221462670499], [38.57881334092884, -0.12325778537323284], [38.57916666666669, -0.09999999999996856], [38.57257554796009, -0.09964667426212159], [38.56702236599394, -0.09412112765838865], [38.566313340928836, -0.08507554796003802], [38.56285332573787, -0.08159111870656588], [38.56214667426217, -0.04757554796003749], [38.5586866590712, -0.044091118706565346], [38.5579800075955, -0.03578440348304124], [38.566313340928836, -0.02742445203989874], [38.566666666666684, -0.020833333333301507], [38.566666666666684, -0.016666666666634633], [38.570833333333354, -0.016666666666634633], [38.570833333333354, -0.012499999999967759], [38.57414906819663, -0.011649068196582402], [38.57556728786894, -0.006122843424447133], [38.591099378797765, 0.010289510091178178], [38.59223395453561, 0.014710489908886348], [38.60359937879776, 0.026956176757844785], [38.60473395453561, 0.03137715657555318], [38.60776604546443, 0.03528951009117831], [38.608333333333356, 0.03750000000003251], [38.60774434407554, 0.06574859619143902], [38.604166666666686, 0.06666666666669929], [38.60451999240453, 0.06909111870662987], [38.60798000759551, 0.07257554796010224], [38.6086866590712, 0.0857577853732967], [38.61214667426217, 0.08924221462676907], [38.612853325737866, 0.09409111870663023], [38.61631334092884, 0.09757554796010237], [38.617019992404536, 0.10242445203996353], [38.6204800075955, 0.1059088812934359], [38.6211866590712, 0.11909111870663036], [38.62464667426217, 0.1225755479601025], [38.62535332573787, 0.1357577853732972], [38.628813340928836, 0.13924221462676933], [38.629166666666684, 0.14166666666669991], [38.629744296603754, 0.19907904730906156], [38.63683878580731, 0.20089959038631844], [38.63750000000002, 0.20833333333335124], [38.63750000000002, 0.23750000000001803], [38.63507554796009, 0.23785332573786544], [38.631591118706616, 0.2413133409288375], [38.629166666666684, 0.2416666666666849], [38.6282670762804, 0.2451721191406433], [38.61339959038631, 0.24649454752605982], [38.61250000000002, 0.2500000000000182], [38.61214667426217, 0.25242445203994857], [38.60451999240453, 0.2600755479600876], [38.60381334092884, 0.26492445203994874], [38.60035332573787, 0.2684088812934209], [38.599646674262175, 0.3065911187066157], [38.5961866590712, 0.3100755479600883], [38.595480007595505, 0.31492445203994945], [38.59201999240453, 0.3184088812934216], [38.59131334092884, 0.32325778537328276], [38.58785332573787, 0.3267422146267549], [38.58714667426217, 0.33159111870661606], [38.583347913954015, 0.33541666666668535], [38.58714667426217, 0.3392422146267551], [38.58785332573787, 0.34337972005210204], [38.5836866590712, 0.3475755479600884], [38.58333333333335, 0.3666666666666858], [38.58750000000002, 0.3666666666666858], [38.594091118706615, 0.3663133409288384], [38.60590888129342, 0.354519992404533], [38.61666666666669, 0.3541666666666856], [38.61757592095271, 0.35062357584637294], [38.63971048990887, 0.34943271213109517], [38.647789510091165, 0.342233954535609], [38.657413906521285, 0.34096238878040097], [38.6619327121311, 0.33554382324220633], [38.66338738335506, 0.3298750135633868], [38.67304382324221, 0.3285993787977617], [38.676956176757834, 0.3255672878689424], [38.70221048990887, 0.32443271213109526], [38.7061228434245, 0.3214006212022755], [38.71993374294707, 0.3201721191406439], [38.72175309922962, 0.31308288574220633], [38.7311228434245, 0.3047339545356089], [38.73971048990887, 0.3035993787977618], [38.7436228434245, 0.30056728786894205], [38.748043823242206, 0.2994327121310949], [38.75195617675784, 0.2964006212022756], [38.758333333333354, 0.29583333333335204], [38.77325778537328, 0.29548000759550463], [38.77674221462676, 0.2920199924045326], [38.78333333333335, 0.29166666666668517], [38.78423292371964, 0.2881612141927268], [38.79804382324221, 0.2869327121310947], [38.801956176757834, 0.28390062120227544], [38.82304382324221, 0.2827660454644283], [38.82695617675783, 0.27973395453560856], [38.839710489908875, 0.2785993787977614], [38.8436228434245, 0.27556728786894213], [38.84583333333335, 0.27500000000001856], [38.85659111870662, 0.27464667426217115], [38.864242214626756, 0.2670199924045322], [38.86666666666669, 0.2666666666666848], [38.867233954535614, 0.2644561767578306], [38.87026604546443, 0.2605438232422057], [38.87173699273006, 0.25481228298612946], [38.88528951009117, 0.24223395453560848], [38.88971048990888, 0.24109937879776133], [38.8936228434245, 0.2380672878689416], [38.899354383680574, 0.2365963406033167], [38.9119327121311, 0.22304382324220562], [38.91313781738283, 0.20507236056859401], [38.91887715657554, 0.2035993787977608], [38.92278951009117, 0.2005672878689415], [38.928470526801235, 0.1991092258029692], [38.9494327121311, 0.17721048990887178], [38.950708346896725, 0.16755405002171875], [38.95416666666669, 0.16666666666668428], [38.95833333333336, 0.16666666666670027], [38.96164923773874, 0.1658157348633147], [38.96250000000002, 0.1625000000000334], [38.96250000000002, 0.15833333333336674], [38.964710489908875, 0.15776604546444317], [38.9686228434245, 0.15473395453562366], [38.98971048990888, 0.15359937879777652], [38.993622843424504, 0.150567287868957], [38.999149237738735, 0.14914906819664786], [39.001137288411485, 0.14140201144751585], [39.0075866699219, 0.14640062120229036], [39.01578708224829, 0.14509463840064107], [39.01666666666669, 0.14166666666669991], [39.01909111870662, 0.1420199924045471], [39.022575547960095, 0.14548000759551938], [39.02742445203995, 0.14618665907121398], [39.03090888129343, 0.14964667426218625], [39.03333333333336, 0.15000000000001723], [39.03333333333336, 0.14583333333336657], [39.03971048990888, 0.145266045464443], [39.0436228434245, 0.14223395453562349], [39.04914923773874, 0.14081573486331456], [39.050850762261305, 0.13418426513675197], [39.05637715657554, 0.13276604546444304], [39.06028951009117, 0.12973395453562353], [39.06250000000002, 0.12916666666668375], [39.07002868652346, 0.12843170166018947], [39.082715861002626, 0.11466013590498103], [39.08412746853301, 0.10496080186635237], [39.09382697211374, 0.10354902479386974], [39.097839694552974, 0.10061764187286282], [39.10216030544707, 0.09938235812720309], [39.11033969455298, 0.09228430853952951], [39.11594950358075, 0.09068044026695987], [39.11666666666669, 0.08333333333336612], [39.11756625705298, 0.07982788085940773], [39.12500000000002, 0.07916666666669947], [39.16250000000002, 0.07916666666669947], [39.165815904405406, 0.07831573486331411], [39.16666666666669, 0.07500000000003282], [39.16909111870662, 0.07464667426218563], [39.180908881293426, 0.06285332573787983], [39.18575778537329, 0.06214667426218545], [39.18924221462676, 0.058686659071213176], [39.195833333333354, 0.05833333333336599], [39.1961866590712, 0.05590888129343541], [39.199646674262176, 0.05242445203996304], [39.200000000000024, 0.05000000000003246], [39.202424452039956, 0.049646674262185275], [39.205908881293425, 0.046186659071213], [39.21079033745662, 0.04547526041669925], [39.21631334092884, 0.03992445203996309], [39.21666666666669, 0.03750000000003251], [39.227424452039955, 0.03714667426218532], [39.23090888129343, 0.03368665907121304], [39.233333333333356, 0.033333333333365855], [39.240767076280406, 0.032672119140657374], [39.242233954535614, 0.026956176757844785], [39.24526604546443, 0.023043823242219874], [39.2467468261719, 0.01727413601348715], [39.262500000000024, 0.016666666666699026], [39.262500000000024, 0.012500000000032374], [39.26909111870662, 0.012146674262184964], [39.272575547960095, 0.008686659071212688], [39.27742445203995, 0.007980007595518313], [39.2850755479601, 0.00035332573787938415], [39.289924452039955, -0.0003533257378149912], [39.29757554796009, -0.00798000759545392], [39.30242445203996, -0.008686659071148295], [39.310075547960096, -0.016313340928787223], [39.31492445203995, -0.017019992404482043], [39.31840888129343, -0.020480007595454097], [39.329166666666694, -0.020833333333301507], [39.330017428927974, -0.01751759847001999], [39.33664923773874, -0.015815734863249276], [39.338419935438395, -0.008915371364985436], [39.37916666666669, -0.00833333333330133], [39.38001742892798, -0.011649068196582402], [39.385543823242216, -0.01306728786889133], [39.38945617675784, -0.01609937879771106], [39.39387715657555, -0.017233954535558205], [39.39778951009117, -0.020266045464377935], [39.40377061631947, -0.02180107964406508], [39.407766045464435, -0.026956176757780614], [39.40899454752607, -0.040767076280350256], [39.41250000000002, -0.04166666666663499]]]}, "properties": {"zone_key": "bas_tana_mid", "name": "Tana at Garissa", "iso3": "KEN", "hybas_id": 1071164110, "next_down": 1071170490, "area_km2": 9873, "downstream": null, "routing_days": null}}, {"type": "Feature", "geometry": {"type": "Polygon", "coordinates": [[[37.28750000000002, -0.20416666666663597], [37.28687642415367, -0.21575741238061186], [37.28333333333336, -0.21666666666663614], [37.28333333333336, -0.22499999999996945], [37.28687642415367, -0.22590925428599373], [37.28750000000002, -0.23749999999996962], [37.2850755479601, -0.23785332573781703], [37.27952473958336, -0.24337649875214007], [37.27881334092884, -0.24825778537323373], [37.26701999240454, -0.2600755479600392], [37.266666666666694, -0.26249999999997], [37.266666666666694, -0.26666666666663685], [37.26581590440541, -0.2699824015299179], [37.262500000000024, -0.2708333333333033], [37.26214226616756, -0.27328847249345944], [37.25242445203995, -0.28298000759545605], [37.25000000000003, -0.28333333333330346], [37.2494327121311, -0.28554382324215766], [37.246400621202284, -0.28945617675778257], [37.24522298177086, -0.31566891140405007], [37.23971048990888, -0.32026604546438], [37.23418409559464, -0.32168426513668935], [37.233333333333356, -0.3249999999999704], [37.23687642415367, -0.3259092542859947], [37.237500000000026, -0.3374999999999706], [37.23664923773874, -0.3408157348632517], [37.233333333333356, -0.34166666666663703], [37.233333333333356, -0.3499999999999708], [37.236838785807315, -0.3508995903862555], [37.23806728786895, -0.3647104899088247], [37.24109937879777, -0.36862284342445006], [37.24166666666669, -0.38333333333330444], [37.237500000000026, -0.38333333333330444], [37.237500000000026, -0.38749999999997087], [37.23995496961808, -0.38785773383243605], [37.24964667426218, -0.39757554796004024], [37.25035332573787, -0.4149244520399016], [37.2586866590712, -0.4232844034830441], [37.25798000759551, -0.43159111870656863], [37.25035332573787, -0.43924221462670765], [37.25000000000003, -0.4541666666666382], [37.247789510091174, -0.45473395453556176], [37.24232245551218, -0.4592931111653362], [37.24109937879777, -0.473043823242159], [37.23806728786895, -0.47695617675778434], [37.2369327121311, -0.48407999674476354], [37.24109937879777, -0.4894561767577841], [37.242233954535614, -0.4965799967447633], [37.23806728786895, -0.5019561767577843], [37.2369327121311, -0.5362850613063959], [37.24523078070749, -0.5384146796332185], [37.246400621202284, -0.57304382324216], [37.2494327121311, -0.5769561767577849], [37.25056728786895, -0.5855438232421601], [37.253599378797766, -0.589456176757785], [37.25473395453562, -0.5924133300780974], [37.25056728786895, -0.5977895100911184], [37.2494327121311, -0.6051038953992784], [37.257766045464436, -0.6144561767577854], [37.25890062120228, -0.6188771565754938], [37.2619327121311, -0.6227895100911187], [37.262500000000024, -0.6249999999999729], [37.26581590440541, -0.6258509318033583], [37.26723395453561, -0.6313771565754935], [37.2744327121311, -0.6394561767577853], [37.27556728786895, -0.6480438232421606], [37.282766045464435, -0.6561228434244524], [37.28333333333336, -0.6583333333333066], [37.285543823242215, -0.6589006212022301], [37.30195617675784, -0.6744327121310496], [37.30637715657554, -0.6755672878688967], [37.31445617675784, -0.6827660454643829], [37.319982571072075, -0.6841842651366918], [37.32140062120228, -0.6897104899088276], [37.32859937879777, -0.6977895100911193], [37.329166666666694, -0.7083333333333068], [37.32585076226131, -0.7091842651366922], [37.3244327121311, -0.7147104899088279], [37.32140062120228, -0.7186228434244528], [37.320266045464436, -0.725746663411432], [37.3244327121311, -0.731122843424453], [37.32556728786895, -0.7424133300780986], [37.320437282986134, -0.7490322536892098], [37.31666666666669, -0.7499999999999738], [37.31732109917537, -0.7573552449544008], [37.3311228434245, -0.7702660454643837], [37.33664923773874, -0.7716842651366926], [37.33750000000003, -0.7749999999999742], [37.33992445203996, -0.7753533257378211], [37.34340888129343, -0.7788133409287936], [37.356591118706625, -0.779519992404488], [37.36007554796009, -0.78298000759546], [37.37083333333336, -0.7833333333333075], [37.37716030544708, -0.7827156914604774], [37.38286404079864, -0.7785490247938109], [37.39503343370228, -0.7799202813042276], [37.39669494628909, -0.7913355509439848], [37.40208333333336, -0.7952718098958074], [37.40617302788631, -0.7922843085394708], [37.41049363878041, -0.7910490247938111], [37.42283969455298, -0.7797843085394707], [37.427160305447075, -0.7785490247938109], [37.43125000000003, -0.775561523437474], [37.43533969455298, -0.7785490247938109], [37.44583333333336, -0.7791666666666406], [37.446742418077285, -0.7827097574869533], [37.468877156575545, -0.783900621202231], [37.47695617675784, -0.7910993787977172], [37.47916666666669, -0.7916666666666408], [37.47951999240454, -0.7940911187065716], [37.482980007595515, -0.7975755479600437], [37.483688354492216, -0.8107871161566584], [37.48924221462676, -0.8163133409287937], [37.50242445203996, -0.8170199924044881], [37.50590888129343, -0.8204800075954606], [37.51075778537329, -0.821186659071155], [37.51424221462676, -0.824646674262127], [37.516666666666694, -0.8249999999999744], [37.516313340928846, -0.8357577853732385], [37.51285332573787, -0.8392422146267107], [37.51214667426218, -0.8440911187065718], [37.50868665907121, -0.847575547960044], [37.50833333333336, -0.8708333333333083], [37.50770975748701, -0.8824242485893845], [37.50039605034725, -0.884301079644072], [37.496400621202284, -0.8894561767577875], [37.49583333333336, -0.8958333333333082], [37.491666666666696, -0.8958333333333082], [37.491666666666696, -0.899999999999975], [37.487500000000026, -0.899999999999975], [37.48112284342451, -0.8994327121310515], [37.473043823242215, -0.8922339545355653], [37.468622843424505, -0.8910993787977182], [37.46471048990888, -0.8880672878688984], [37.46028951009117, -0.8869327121310513], [37.45637715657555, -0.883900621202232], [37.45342000325523, -0.8827660454643844], [37.448043823242216, -0.8869327121310513], [37.417580159505235, -0.8881076388888638], [37.41575317382815, -0.8952256944444192], [37.40000000000003, -0.8958333333333082], [37.368408881293426, -0.8954800075954612], [37.36458333333336, -0.8916812472873015], [37.36075778537329, -0.8954800075954612], [37.35590888129343, -0.8961866590711556], [37.34618835449221, -0.9058810763888641], [37.34548000759551, -0.9183797200520587], [37.349646674262175, -0.9225755479600446], [37.35035332573787, -0.9274244520399058], [37.353813340928845, -0.9309088812933779], [37.35451999240454, -0.9357577853732391], [37.357980007595515, -0.9392422146267116], [37.3586866590712, -0.9482577853732392], [37.36214667426218, -0.9517422146267114], [37.362500000000026, -0.9541666666666422], [37.363029649522595, -0.9564147949218507], [37.367196316189265, -0.9615593804253226], [37.366137017144126, -0.9689147949218504], [37.361970350477456, -0.9740593804253228], [37.363029649522595, -0.9897481282551839], [37.366137017144126, -0.9935852050781007], [37.367196316189265, -1.0105814615885178], [37.37136298285593, -1.0157260470919898], [37.36949089898006, -1.0213629828558788], [37.35608520507815, -1.0203036838107398], [37.35208333333336, -1.0170627170138649], [37.34791666666669, -1.0204372829860873], [37.342607286241346, -1.0161370171440733], [37.339418538411486, -1.017196316189212], [37.33558146158857, -1.0203036838107398], [37.32083333333336, -1.0208333333333095], [37.31751742892798, -1.0199825710720245], [37.31666666666669, -1.0166666666666426], [37.31424221462676, -1.0163133409287952], [37.30869140625003, -1.010790337456573], [37.30798000759551, -1.0059088812933785], [37.30245700412329, -1.0003580729166424], [37.300000000000026, -0.999999999999976], [37.2994327121311, -0.993622843424455], [37.29223395453562, -0.9855438232421632], [37.29109937879777, -0.9727895100911215], [37.28806728786895, -0.9688771565754966], [37.286932712131104, -0.9644561767577882], [37.28293728298614, -0.9593010796440726], [37.27585076226131, -0.9574825710720241], [37.2744327121311, -0.951956176757788], [37.27043728298614, -0.9468010796440725], [37.26445617675784, -0.9452660454643853], [37.259583197699676, -0.9414893256293158], [37.257766045464436, -0.936753336588517], [37.262031385633705, -0.9312499999999755], [37.25890062120228, -0.9272104899088296], [37.25833333333336, -0.9249999999999754], [37.25174221462676, -0.9253533257378224], [37.24825778537329, -0.9288133409287949], [37.243408881293426, -0.9295199924044892], [37.23992445203996, -0.9329800075954613], [37.23507554796009, -0.9336866590711557], [37.227424452039955, -0.9413133409287946], [37.21840888129343, -0.9420199924044894], [37.21075778537329, -0.9496466742621283], [37.189953613281276, -0.9503533257378227], [37.18575778537329, -0.9461866590711558], [37.17916666666669, -0.9458333333333089], [37.176956176757834, -0.9452660454643853], [37.17180107964412, -0.9412706163194198], [37.16994594997832, -0.9340416802300102], [37.16028951009117, -0.9327660454643851], [37.156377156575545, -0.9297339545355654], [37.151956176757835, -0.9285993787977183], [37.14804382324221, -0.925567287868899], [37.13675333658857, -0.9244327121310518], [37.131377156575546, -0.9285993787977183], [37.12695617675784, -0.9297339545355654], [37.12291666666669, -0.932864718966989], [37.11887715657554, -0.9297339545355654], [37.114456176757834, -0.9285993787977183], [37.11054382324221, -0.925567287868899], [37.09583333333336, -0.9249999999999754], [37.09166666666669, -0.9249999999999754], [37.0908159044054, -0.9216840955945931], [37.084184095594644, -0.919982571072024], [37.08248257107207, -0.9133507622612598], [37.07695617675783, -0.9119327121310516], [37.07304382324221, -0.9089006212022319], [37.06734381781686, -0.9074378119574402], [37.050567287868944, -0.8897104899088291], [37.04914923773874, -0.884184095594593], [37.0436228434245, -0.8827660454643844], [37.03554382324221, -0.8755672878688983], [37.031122843424505, -0.8744327121310511], [37.01887715657554, -0.8630672878688985], [37.01445617675783, -0.8619327121310509], [37.01054382324221, -0.8589006212022317], [36.99778951009117, -0.8577660454643845], [36.98554382324221, -0.8464006212022315], [36.97588738335506, -0.8451249864366064], [36.9744327121311, -0.8394561767577868], [36.970568847656274, -0.8344704522026656], [36.97500000000002, -0.8333333333333077], [36.974646674262175, -0.8309088812933774], [36.96701999240454, -0.8232577853732383], [36.96666666666669, -0.8208333333333075], [36.96335076226131, -0.8199824015299222], [36.96164923773874, -0.8133509318033596], [36.95833333333336, -0.8124999999999742], [36.945833333333354, -0.8124999999999742], [36.94340888129342, -0.8121466742621273], [36.93575778537328, -0.8045199924044883], [36.93333333333336, -0.8041666666666409], [36.932427639431445, -0.800637647840686], [36.91445617675784, -0.7994327121310505], [36.906377156575545, -0.7922339545355643], [36.899253336588565, -0.7910993787977172], [36.89387715657554, -0.7952660454643841], [36.887500000000024, -0.7958333333333076], [36.88507554796009, -0.7954800075954602], [36.87742445203995, -0.7878533257378213], [36.87500000000002, -0.7874999999999743], [36.874013604058185, -0.784050496419245], [36.86033969455298, -0.7827156914604774], [36.85216030544707, -0.7756176418728038], [36.82700653076174, -0.7743823581271441], [36.822993469238305, -0.7714509752061374], [36.81867319742841, -0.7702156914604776], [36.80943976508249, -0.7622033013237588], [36.80740695529516, -0.755093044704835], [36.80200653076174, -0.7535490247938106], [36.7969921535916, -0.749886067708307], [36.79521569146053, -0.7436731974283592], [36.77836117214629, -0.7257347954643834], [36.76450653076174, -0.7243823581271438], [36.760493469238305, -0.7214509752061367], [36.750794135199676, -0.7200391981336542], [36.74938235812719, -0.7103398640950256], [36.737139723036044, -0.6969216240776643], [36.733333333333356, -0.6958333333333067], [36.73298000759551, -0.6934088812933763], [36.7211866590712, -0.6815911187065704], [36.72083333333335, -0.67916666666664], [36.71840888129342, -0.6788133409287926], [36.71492445203995, -0.6753533257378206], [36.71250000000002, -0.6749999999999732], [36.71214667426217, -0.6600755479600426], [36.708686659071205, -0.6565911187065705], [36.70798000759551, -0.6441204494899901], [36.71214667426217, -0.6399244520399034], [36.71285332573787, -0.6357871161566568], [36.708686659071205, -0.6315911187065701], [36.70833333333336, -0.6291666666666393], [36.707482401529965, -0.6258509318033583], [36.70416666666669, -0.6249999999999729], [36.70000000000002, -0.6249999999999729], [36.699646674262176, -0.6225755479600421], [36.6961866590712, -0.61909111870657], [36.695833333333354, -0.6166666666666396], [36.695833333333354, -0.6124999999999727], [36.691666666666684, -0.6124999999999727], [36.691666666666684, -0.6041666666666394], [36.688350931803406, -0.6033157348632541], [36.686932712131096, -0.5977895100911184], [36.68390062120228, -0.5938771565754934], [36.68276604546443, -0.5811228434244518], [36.675567287868944, -0.57304382324216], [36.67443271213109, -0.5644561767577847], [36.67140062120228, -0.5605438232421598], [36.67026604546443, -0.5436228434244512], [36.66723395453561, -0.5397104899088263], [36.66609937879776, -0.5227895100911177], [36.66306728786894, -0.5188771565754928], [36.6619327121311, -0.5102895100911176], [36.65880211724178, -0.5062499999999717], [36.6619327121311, -0.5022104899088262], [36.66250000000002, -0.49583333333330515], [36.66306728786894, -0.47695617675778434], [36.66609937879776, -0.473043823242159], [36.66723395453561, -0.46371493869354774], [36.66028951009117, -0.4619327121310479], [36.656377156575545, -0.45890062120222863], [36.65416666666669, -0.4583333333333046], [36.653599378797765, -0.4436228434244507], [36.650567287868945, -0.43971048990882533], [36.64936235215931, -0.42173902723521417], [36.6436228434245, -0.42026604546438096], [36.63846774631078, -0.4162707858615162], [36.6369327121311, -0.410289510091117], [36.62973395453561, -0.40221048990882524], [36.628599378797766, -0.3992533365885125], [36.63276604546443, -0.39387715657549194], [36.633333333333354, -0.39166666666663774], [36.63267211914064, -0.38423292371958917], [36.62695617675783, -0.3827660454643804], [36.61887715657554, -0.37556728786889426], [36.61666666666669, -0.3749999999999707], [36.61250000000002, -0.3749999999999707], [36.610075547960086, -0.3746466742621237], [36.60416446261938, -0.36876508924693274], [36.61665293375653, -0.356250847710474], [36.612853325737866, -0.35242445203990114], [36.61214667426217, -0.34340888129337355], [36.6086866590712, -0.33992445203990096], [36.60798000759551, -0.33578711615665435], [36.61214667426217, -0.33159111870656766], [36.61250000000002, -0.32083333333330355], [36.616043090820334, -0.31992407904727926], [36.61666666666669, -0.3083333333333038], [36.61751759847007, -0.3050175984700223], [36.62083333333335, -0.30416666666663694], [36.629166666666684, -0.30416666666663694], [36.62951999240453, -0.3065911187065673], [36.632980007595506, -0.3100755479600399], [36.633333333333354, -0.31249999999997025], [36.63395097520618, -0.31466013590491837], [36.64938235812719, -0.33117319742835605], [36.65099962022571, -0.3422843085394671], [36.67716013590497, -0.3410490247938074], [36.68117319742841, -0.33811764187280025], [36.70632680257164, -0.3368823581271405], [36.710339864095076, -0.3339509752061338], [36.71466013590497, -0.3327156914604741], [36.71867319742841, -0.32978430853946694], [36.728835550944034, -0.3283052232530088], [36.73271569146053, -0.3229934692382517], [36.73419477674698, -0.3128311157226267], [36.73950653076174, -0.30895097520613346], [36.76466013590497, -0.30771569146047373], [36.768673197428406, -0.3047843085394666], [36.77083333333336, -0.30416666666663694], [36.843877156575545, -0.30359937879771337], [36.84778951009117, -0.30056728786889364], [36.85221048990888, -0.2994327121310465], [36.8561228434245, -0.2964006212022272], [36.86887715657554, -0.29526604546438007], [36.874253336588566, -0.2910993787977132], [36.877210489908876, -0.29223395453556034], [36.8811228434245, -0.29526604546438007], [36.88971048990888, -0.2964006212022272], [36.895086669921895, -0.30056728786889364], [36.907436794704886, -0.2993262396918106], [36.909301079644116, -0.2920625474717582], [36.91445617675784, -0.2880672878688939], [36.916666666666686, -0.28749999999997033], [36.917309570312526, -0.2811982896592582], [36.92019042968752, -0.277135043674015], [36.92147623697919, -0.2728649563259249], [36.924357096354186, -0.2688017103406817], [36.925703599717906, -0.2468760172525739], [36.93253546820749, -0.2448191324869491], [36.93397623697919, -0.23536495632592436], [36.93685709635419, -0.2313017103406816], [36.938142903645854, -0.22703162299259105], [36.94519042968752, -0.2188017103406814], [36.94660474989151, -0.2049380832247958], [36.96221076117624, -0.2033460828992748], [36.96602376302086, -0.19796837700734793], [36.96787618001304, -0.19181654188364972], [36.977031792534746, -0.18397606743703543], [36.98130154079863, -0.18269059922956998], [36.98536512586808, -0.17980940077036855], [36.993801540798636, -0.1785239325629031], [36.99786512586808, -0.17564273410370168], [37.00630154079863, -0.17435726589623668], [37.01036512586808, -0.17147606743703525], [37.01666666666669, -0.17083333333330275], [37.01887715657554, -0.17140062120222632], [37.02278951009117, -0.1744327121310456], [37.03554382324221, -0.17556728786889275], [37.03945617675784, -0.17859937879771248], [37.04387715657555, -0.17973395453555963], [37.05623847113718, -0.19120686848955248], [37.06028951009117, -0.18806728786889293], [37.13971048990888, -0.1869327121310458], [37.1450866699219, -0.1827660454643789], [37.169922553168426, -0.1839504665798306], [37.170833333333356, -0.18749999999996936], [37.18554382324221, -0.18806728786889293], [37.19092000325523, -0.1922339545355598], [37.19565599229603, -0.19041697184241713], [37.1994327121311, -0.18554382324215668], [37.20088738335506, -0.17987518310543793], [37.21054382324221, -0.17859937879771248], [37.214456176757835, -0.17556728786889275], [37.23554382324221, -0.1744327121310456], [37.24092000325523, -0.17026604546437873], [37.256377156575546, -0.17140062120222632], [37.26028951009117, -0.1744327121310456], [37.27304382324221, -0.17556728786889275], [37.27708333333336, -0.17869788275821596], [37.2825866699219, -0.1744327121310456], [37.299096001519125, -0.17564442952470882], [37.300000000000026, -0.17916666666663605], [37.29757554796009, -0.17951999240448302], [37.294091118706625, -0.18298000759545552], [37.29166666666669, -0.18333333333330248], [37.29100545247398, -0.1907670762803515], [37.28750000000002, -0.19166666666663623], [37.28750000000002, -0.19583333333330266], [37.28750000000002, -0.19999999999996954], [37.28750000000002, -0.20416666666663597]]]}, "properties": {"zone_key": "bas_tana_hw", "name": "Tana headwaters (Aberdares/Mt Kenya)", "iso3": "KEN", "hybas_id": 1071164250, "next_down": 1071163110, "area_km2": 4852, "downstream": "bas_tana_mid", "routing_days": "3-7"}}, {"type": "Feature", "geometry": {"type": "Polygon", "coordinates": [[[37.8416666666667, -1.6458333333333144], [37.84525044759118, -1.646752929687481], [37.853599378797774, -1.6561228434244604], [37.85473395453562, -1.673043823242169], [37.86193271213111, -1.6811228434244603], [37.86306728786895, -1.6897104899088355], [37.87026604546444, -1.6977895100911273], [37.871400621202284, -1.7063771565755022], [37.8744327121311, -1.7102895100911275], [37.875567287868954, -1.7188771565755023], [37.87859937879777, -1.7227895100911272], [37.879733954535624, -1.7272104899088356], [37.882766045464436, -1.731122843424461], [37.88390062120229, -1.7355438232421694], [37.886932712131106, -1.7394561767577943], [37.88806728786896, -1.7438771565755027], [37.891099378797776, -1.7477895100911276], [37.892375013563395, -1.7574459499782806], [37.89914923773875, -1.7591840955946], [37.90000000000003, -1.762499999999982], [37.90056728786895, -1.7647104899088362], [37.90415344238284, -1.7693376329209891], [37.89804382324222, -1.7744327121310586], [37.89362284342451, -1.7755672878689057], [37.88015475802954, -1.788067287868906], [37.85091281467017, -1.7868906656900863], [37.85000000000003, -1.7833333333333155], [37.84583333333336, -1.7833333333333155], [37.8416666666667, -1.7833333333333155], [37.8416666666667, -1.7791666666666486], [37.84131334092885, -1.7767422146267182], [37.82951999240454, -1.7649244520399123], [37.828813340928846, -1.752453613281232], [37.832980007595516, -1.7482577853732457], [37.83368665907121, -1.7441189236110928], [37.827457004123296, -1.7378580729166484], [37.8225755479601, -1.7371466742621346], [37.81492445203996, -1.7295199924044957], [37.80590888129343, -1.728813340928801], [37.80242445203996, -1.7253533257378288], [37.79340888129343, -1.7246466742621345], [37.78785434299048, -1.7191199408636968], [37.78714667426218, -1.6975755479600507], [37.77118665907121, -1.6815911187065784], [37.770833333333364, -1.679166666666648], [37.76751742892798, -1.678315904405363], [37.76609937879777, -1.672789510091127], [37.75890062120229, -1.6647104899088352], [37.757766045464436, -1.6602895100911268], [37.746400621202284, -1.6480438232421686], [37.74526604546444, -1.6436228434244602], [37.73691711425784, -1.6342529296874808], [37.73112284342451, -1.6327660454643906], [37.727210489908884, -1.6297339545355713], [37.718622843424505, -1.6285993787977238], [37.702210489908886, -1.6130672878689043], [37.69583333333336, -1.6124999999999807], [37.69340888129343, -1.6121466742621333], [37.68368733723961, -1.602451239691821], [37.68333333333336, -1.5874999999999804], [37.681122843424504, -1.5869327121310568], [37.6675703260634, -1.5743543836805358], [37.666099378797774, -1.5686228434244596], [37.65352105034725, -1.5550703260633485], [37.64649454752607, -1.5532670762803624], [37.645833333333364, -1.5458333333333134], [37.641666666666694, -1.5458333333333134], [37.63924221462676, -1.5454800075954664], [37.63159111870662, -1.5378533257378275], [37.626742214626766, -1.5371466742621327], [37.61702440049916, -1.5274549696180357], [37.61631334092885, -1.5225755479600496], [37.61285332573787, -1.5190911187065774], [37.61214667426218, -1.5059088812933825], [37.60868665907121, -1.5024244520399104], [37.607980007595515, -1.4975755479600492], [37.60451999240454, -1.494091118706577], [37.60416666666669, -1.4791666666666465], [37.60195617675784, -1.4785993787977225], [37.596537611219645, -1.474080403645813], [37.595266045464435, -1.4644561767577922], [37.59127061631947, -1.4593010796440766], [37.58528951009117, -1.457766045464389], [37.57173699273006, -1.4451877170138685], [37.570266045464436, -1.4394561767577918], [37.56723395453562, -1.435543823242167], [37.56581590440541, -1.4300174289279308], [37.559184095594645, -1.4283159044053613], [37.55776604546444, -1.4227895100911252], [37.54941711425784, -1.4134195963541458], [37.54583333333336, -1.4124999999999792], [37.535289510091175, -1.4130672878689028], [37.531377156575545, -1.416099378797722], [37.52817857530385, -1.4172339545355697], [37.51340365939673, -1.403521050347201], [37.51160040961374, -1.3964945475260206], [37.50416666666669, -1.3958333333333122], [37.503390163845516, -1.403446790907097], [37.479936387803846, -1.4048868815103956], [37.46730957031253, -1.418698459201368], [37.4666666666667, -1.4208333333333125], [37.46581590440541, -1.4241492377386944], [37.46250000000003, -1.4249999999999794], [37.459184095594644, -1.425850762261264], [37.45833333333336, -1.4291666666666458], [37.45590888129343, -1.4295199924044932], [37.452424452039956, -1.4329800075954653], [37.450000000000024, -1.4333333333333127], [37.44668409559465, -1.4341840955945973], [37.44583333333336, -1.4374999999999791], [37.44362284342451, -1.4369327121310556], [37.43971048990888, -1.4339006212022363], [37.431122843424504, -1.4327660454643891], [37.42304382324221, -1.425567287868903], [37.41862284342451, -1.4244327121310558], [37.41471048990888, -1.421400621202236], [37.40918409559465, -1.419982571072028], [37.40748257107207, -1.4133507622612638], [37.40416666666669, -1.4124999999999792], [37.40359937879777, -1.3977895100911248], [37.40056728786895, -1.3938771565755], [37.3994327121311, -1.3852895100911247], [37.392128499348985, -1.3770921495225483], [37.39526604546444, -1.3730438232421665], [37.39640062120228, -1.368622843424458], [37.3994327121311, -1.3647104899088327], [37.40056728786895, -1.3490627712673398], [37.39223395453562, -1.3397104899088328], [37.39102884928388, -1.3217390272352216], [37.38528951009117, -1.320266045464388], [37.381377156575546, -1.3172339545355687], [37.37500000000003, -1.3166666666666451], [37.37464667426218, -1.3142422146267143], [37.37048000759551, -1.3100463867187284], [37.37118903266062, -1.3017144097222006], [37.3850755479601, -1.2878533257378253], [37.387500000000024, -1.2874999999999783], [37.387146674262176, -1.2850755479600475], [37.37328762478301, -1.2711910671657765], [37.37083333333336, -1.2708333333333113], [37.36950446234812, -1.275604926215256], [37.342553032769125, -1.2743431939018879], [37.3381049262153, -1.2688395182291448], [37.336549546983534, -1.2632534450954642], [37.32699381510419, -1.2618950737847001], [37.321373833550375, -1.2577284071180332], [37.312236870659746, -1.2593353271484156], [37.31663852267798, -1.265272013346332], [37.31050618489586, -1.2702284071180334], [37.28847554524742, -1.2714969211154292], [37.28750000000002, -1.2749999999999782], [37.28653225368926, -1.2787706163194223], [37.27991333007815, -1.283900621202235], [37.276956176757835, -1.2827660454643879], [37.26887715657555, -1.2755672878689017], [37.26445617675784, -1.2744327121310546], [37.259079996744816, -1.2702660454643877], [37.247789510091174, -1.2714006212022348], [37.23971048990888, -1.278599378797721], [37.23418409559464, -1.2800174289279296], [37.23236558702259, -1.287103949652756], [37.22721048990888, -1.2910993787977212], [37.220266045464435, -1.2928816053602215], [37.22140062120228, -1.2980438232421658], [37.22556728786895, -1.3034200032551868], [37.224432712131104, -1.3397104899088328], [37.217233954535615, -1.3477895100911246], [37.216099378797765, -1.352210489908833], [37.2119327121311, -1.3575866699218535], [37.213067287868945, -1.3647104899088327], [37.216099378797765, -1.368622843424458], [37.21756625705298, -1.3743387858072706], [37.22500000000002, -1.3749999999999787], [37.22535332573787, -1.3899244520399097], [37.23748643663197, -1.4020826551649095], [37.23334791395402, -1.4062499999999791], [37.23714667426218, -1.4100755479600484], [37.237500000000026, -1.4208333333333125], [37.23661261664499, -1.4242916531032779], [37.22695617675784, -1.425567287868903], [37.21471048990888, -1.4369327121310556], [37.20833333333336, -1.4374999999999791], [37.20833333333336, -1.4499999999999793], [37.205017428927974, -1.4508507622612643], [37.20331590440541, -1.457482571072028], [37.19668409559464, -1.4591840955945976], [37.195266045464436, -1.4647104899088337], [37.19223395453562, -1.4686228434244586], [37.191099378797766, -1.4772104899088339], [37.18275044759117, -1.4865804036458132], [37.17916666666669, -1.4874999999999798], [37.179519992404536, -1.4899244520399102], [37.18298000759551, -1.4934088812933823], [37.18333333333336, -1.5041666666666464], [37.180908881293426, -1.5045199924044939], [37.16909111870662, -1.5163133409287992], [37.16424221462676, -1.517019992404494], [37.15659111870662, -1.524646674262133], [37.15416666666669, -1.52499999999998], [37.15469631618926, -1.548081461588522], [37.15780368381079, -1.5519185384114387], [37.15886298285593, -1.5564147949218552], [37.16302964952259, -1.5615593804253276], [37.16158786349829, -1.5658999972873069], [37.155112711588565, -1.5674251980251541], [37.150529649522596, -1.5727518717447722], [37.14947035047746, -1.5814147949218555], [37.146362982855926, -1.5852518717447723], [37.14583333333336, -1.637499999999981], [37.14914923773874, -1.6383507622612656], [37.150567287868945, -1.6438771565755017], [37.153599378797765, -1.647789510091127], [37.15501742892798, -1.6533159044053631], [37.160543823242215, -1.6547339545355713], [37.1686228434245, -1.6619327121310574], [37.18554382324221, -1.6630672878689046], [37.18945617675784, -1.6660993787977243], [37.194982571072075, -1.6675174289279324], [37.19675292968753, -1.674417114257794], [37.2061228434245, -1.682766045464391], [37.20833333333336, -1.6833333333333145], [37.21075778537329, -1.6829800075954675], [37.21424221462676, -1.679519992404495], [37.21666666666669, -1.679166666666648], [37.22325778537329, -1.6788133409288006], [37.22674221462676, -1.6753533257378286], [37.24825778537329, -1.6746466742621342], [37.25174221462676, -1.6711866590711617], [37.266666666666694, -1.6708333333333147], [37.26581590440541, -1.6741492377386966], [37.262500000000024, -1.6749999999999812], [37.262146674262176, -1.677424452039912], [37.25035332573787, -1.6892422146267174], [37.24964667426218, -1.6982577853732455], [37.23785332573787, -1.710075547960051], [37.23714667426218, -1.714924452039912], [37.22951999240454, -1.722575547960051], [37.22916666666669, -1.7416666666666485], [37.22278951009117, -1.741099378797725], [37.218877156575545, -1.7380672878689052], [37.182586669921896, -1.736932712131058], [37.17721048990888, -1.741099378797725], [37.17425333658856, -1.742233954535572], [37.16887715657555, -1.7380672878689052], [37.16592000325523, -1.736932712131058], [37.160543823242215, -1.741099378797725], [37.1436228434245, -1.742233954535572], [37.13846774631079, -1.7462293836805372], [37.13664923773874, -1.7533159044053637], [37.13112284342451, -1.7547339545355722], [37.127210489908876, -1.7577660454643915], [37.118622843424504, -1.7589006212022387], [37.10626152886287, -1.770373535156232], [37.10221048990888, -1.7672339545355724], [37.10000000000002, -1.7666666666666488], [37.09778951009117, -1.7660993787977248], [37.093877156575545, -1.7630672878689055], [37.084548272026936, -1.7619327121310584], [37.08248257107207, -1.7699825710720307], [37.07585076226131, -1.7716840955946003], [37.07410040961374, -1.7785054524739405], [37.06028951009117, -1.7797339545355721], [37.05513441297745, -1.7837293836805377], [37.05416666666669, -1.7874999999999823], [37.04757554796009, -1.787146674262135], [37.04409111870662, -1.7836866590711629], [37.04166666666669, -1.7833333333333155], [37.040895250108534, -1.790895250108489], [37.02703179253474, -1.792309570312482], [37.022968207465304, -1.7951904296874823], [37.017464531792555, -1.79684753417967], [37.016023763020854, -1.8063015407985934], [37.01314290364586, -1.8103651258680378], [37.01153564453127, -1.815702311197899], [37.008333333333354, -1.816666666666649], [36.99778951009117, -1.8172339545355727], [36.99387715657554, -1.820266045464392], [36.98675333658856, -1.8214006212022396], [36.98137715657555, -1.8172339545355727], [36.97278951009117, -1.8160993787977255], [36.96366305881079, -1.807967461480017], [36.96164923773874, -1.8158159044053641], [36.9561228434245, -1.8172339545355727], [36.94804382324221, -1.8244327121310588], [36.93454827202693, -1.825567287868906], [36.93276604546443, -1.8186228434244613], [36.92877061631947, -1.8134677463107463], [36.92278951009117, -1.8119327121310587], [36.91471048990888, -1.8047339545355725], [36.89072943793405, -1.8035993787977254], [36.881377156575546, -1.8119327121310587], [36.87570834689672, -1.8133873833550171], [36.874432712131096, -1.8230438232421697], [36.8660837809245, -1.832413736979149], [36.862500000000026, -1.8333333333333157], [36.86007554796009, -1.8329800075954688], [36.85659111870662, -1.8295199924044963], [36.85174221462676, -1.8288133409288019], [36.84409111870662, -1.821186659071163], [36.8357855902778, -1.8204800075954686], [36.829524739583356, -1.8267096625433852], [36.82916666666669, -1.8291666666666493], [36.825000000000024, -1.8291666666666493], [36.825000000000024, -1.816666666666649], [36.82157202826608, -1.8157870822482463], [36.82026604546443, -1.8075866699218572], [36.8244327121311, -1.8022104899088363], [36.82556728786894, -1.7948215060763713], [36.80890062120228, -1.7772104899088363], [36.80833333333335, -1.7708333333333153], [36.801956176757834, -1.7702660454643917], [36.79804382324221, -1.7672339545355724], [36.78528951009117, -1.7660993787977248], [36.781377156575545, -1.7630672878689055], [36.7686228434245, -1.7619327121310584], [36.76054382324221, -1.7547339545355722], [36.7561228434245, -1.753599378797725], [36.74257015652129, -1.7410210503472041], [36.74109937879776, -1.7352895100911274], [36.737104119194896, -1.7301344129774123], [36.7311228434245, -1.7285993787977247], [36.72721048990888, -1.7255672878689055], [36.7133995903863, -1.7243387858072734], [36.71160040961374, -1.7173278808593566], [36.70416666666669, -1.7166666666666481], [36.701742214626755, -1.7163133409288012], [36.698257785373286, -1.7128533257378287], [36.695833333333354, -1.7124999999999817], [36.695480007595506, -1.710075547960051], [36.68578847249351, -1.7003577338324467], [36.68333333333335, -1.6999999999999815], [36.68248240152997, -1.6966840955945997], [36.67916666666669, -1.6958333333333147], [36.68001759847007, -1.6925174289279328], [36.68333333333335, -1.6916666666666482], [36.68333333333335, -1.6874999999999813], [36.68333333333335, -1.6833333333333145], [36.680908881293426, -1.6829800075954675], [36.67535807291669, -1.6774570041232453], [36.67500000000002, -1.6749999999999812], [36.67122921413848, -1.6740322536892172], [36.66609937879776, -1.667413330078106], [36.66723395453561, -1.6644561767577937], [36.67026604546443, -1.6605438232421688], [36.67168426513674, -1.6550174289279322], [36.67500000000002, -1.6541666666666477], [36.67500000000002, -1.6499999999999808], [36.675567287868944, -1.6436228434244602], [36.67859937879776, -1.6397104899088353], [36.679733954535614, -1.6352895100911269], [36.68390062120228, -1.629913330078106], [36.68276604546443, -1.59362284342446], [36.67443271213109, -1.5842705620659525], [36.67562730577259, -1.5634084065755012], [36.67916666666669, -1.5624999999999805], [36.67859937879776, -1.5561228434244594], [36.675567287868944, -1.5522104899088345], [36.674376424153664, -1.5300757514105703], [36.667327880859396, -1.528267076280362], [36.666666666666686, -1.5208333333333135], [36.666666666666686, -1.5083333333333133], [36.662895880805145, -1.5073655870225493], [36.65806867811417, -1.5011372884114382], [36.66250000000002, -1.49999999999998], [36.66285332573787, -1.4975755479600492], [36.66631334092884, -1.494091118706577], [36.666666666666686, -1.4874999999999798], [36.66600545247398, -1.4800662570529313], [36.65899454752606, -1.4782670762803618], [36.65776604546443, -1.4644561767577922], [36.650567287868945, -1.4563771565755004], [36.649432712131095, -1.451956176757792], [36.646400621202275, -1.448043823242167], [36.64526604546443, -1.4394561767577918], [36.64223395453561, -1.435543823242167], [36.64109937879776, -1.3852895100911247], [36.63806728786894, -1.3813771565754998], [36.6369327121311, -1.3657294379340064], [36.64526604546443, -1.3563771565754994], [36.646400621202275, -1.340920003255187], [36.64223395453561, -1.335543823242166], [36.6408157348633, -1.3300174289279298], [36.63750000000002, -1.3291666666666453], [36.63750000000002, -1.3249999999999784], [36.63664906819663, -1.3216840955945965], [36.633333333333354, -1.3208333333333115], [36.63276604546443, -1.3186228434244573], [36.62973395453561, -1.3147104899088324], [36.6283157348633, -1.3091840955945964], [36.62500000000002, -1.3083333333333118], [36.62464667426217, -1.2975755479600477], [36.6204800075955, -1.2933797200520614], [36.621189202202714, -1.2850453694661241], [36.62674221462676, -1.279519992404492], [36.629166666666684, -1.2791666666666446], [36.629166666666684, -1.2749999999999782], [36.631591118706616, -1.2746466742621307], [36.63507554796009, -1.2711866590711587], [36.64583333333336, -1.2708333333333113], [36.64548000759551, -1.2434088812933806], [36.642019992404535, -1.2399244520399084], [36.64131334092884, -1.2309088812933804], [36.637853325737865, -1.2274244520399082], [36.63714667426217, -1.222575547960047], [36.63162350124785, -1.217024739583311], [36.62674221462676, -1.2163133409287972], [36.62325778537328, -1.2128533257378247], [36.62083333333335, -1.2124999999999777], [36.610075547960086, -1.2128533257378247], [36.60659111870662, -1.2163133409287972], [36.60000000000002, -1.2166666666666441], [36.5994327121311, -1.2102895100911235], [36.59630211724178, -1.2062499999999776], [36.5994327121311, -1.2022104899088317], [36.60056728786894, -1.18945617675779], [36.60359937879776, -1.1855438232421647], [36.60473395453561, -1.174253336588519], [36.60056728786894, -1.168877156575498], [36.599385748969205, -1.1425784640841785], [36.59232788085939, -1.1407670762803588], [36.591099378797765, -1.1269561767577891], [36.588067287868945, -1.1230438232421642], [36.58750000000002, -1.1166666666666436], [36.58809848361547, -1.0967488606770601], [36.59166666666668, -1.0958333333333101], [36.594091118706615, -1.096186659071157], [36.60174221462675, -1.103813340928796], [36.60659111870662, -1.1045199924044904], [36.6107871161567, -1.1086866590711573], [36.61909111870662, -1.107980007595463], [36.62257554796009, -1.1045199924044904], [36.62500000000002, -1.1041666666666434], [36.62464667426217, -1.1017422146267126], [36.6204800075955, -1.0975463867187267], [36.621187845865904, -1.0808800591362613], [36.62674221462676, -1.0753533257378236], [36.633333333333354, -1.0749999999999766], [36.63276604546443, -1.0727895100911224], [36.62973395453561, -1.068877156575497], [36.628599378797766, -1.0602895100911223], [36.62473534478084, -1.0553039550781014], [36.629166666666684, -1.0541666666666427], [36.636600409613735, -1.0535054524739347], [36.63750000000002, -1.0499999999999763], [36.63714667426217, -1.0475755479600455], [36.6336866590712, -1.0440911187065733], [36.632980007595506, -1.0184088812933787], [36.62918124728735, -1.0145833333333094], [36.6336866590712, -1.010046386718726], [36.632980007595506, -1.0059088812933785], [36.62951999240453, -1.0024244520399064], [36.628813340928836, -0.985075547960045], [36.62464667426217, -0.9808797200520591], [36.62535366482207, -0.9350474039713297], [36.63090888129342, -0.9295199924044892], [36.633333333333354, -0.9291666666666418], [36.63259819878474, -0.9216359456379961], [36.62180497911243, -0.9200649685329614], [36.61990695529516, -0.9134263780381695], [36.61450653076174, -0.9118825276692459], [36.60108829074438, -0.8996395534938988], [36.59938235812719, -0.8936730278862597], [36.59645097520618, -0.8896603054470233], [36.59583333333335, -0.8833333333333084], [36.58507554796009, -0.882980007595461], [36.58159111870662, -0.879519992404489], [36.57916666666669, -0.8791666666666416], [36.57916666666669, -0.8749999999999747], [36.57881334092884, -0.8725755479600443], [36.56495446099177, -0.8586910671657733], [36.56250000000002, -0.8583333333333081], [36.563350931803406, -0.8550174289279262], [36.566666666666684, -0.8541666666666412], [36.566666666666684, -0.8499999999999748], [36.57721048990887, -0.8494327121310512], [36.581122843424495, -0.8464006212022315], [36.586649068196635, -0.8449825710720233], [36.58750000000002, -0.841666666666641], [36.59166666666668, -0.841666666666641], [36.59166666666668, -0.8458333333333079], [36.59166666666668, -0.8499999999999748], [36.59804382324221, -0.8505672878688983], [36.60342000325523, -0.8547339545355648], [36.61054382324221, -0.8535993787977176], [36.614456176757834, -0.8505672878688983], [36.627210489908876, -0.8494327121310512], [36.63258666992189, -0.8452660454643843], [36.652210489908875, -0.8464006212022315], [36.6561228434245, -0.8494327121310512], [36.66887715657554, -0.8505672878688983], [36.672789510091164, -0.8535993787977176], [36.67721048990887, -0.8547339545355648], [36.6811228434245, -0.8577660454643845], [36.689710489908876, -0.8589006212022317], [36.69778951009117, -0.8660993787977178], [36.710543823242205, -0.867233954535565], [36.714456176757835, -0.8702660454643847], [36.718877156575545, -0.8714006212022318], [36.722916666666684, -0.8745313856336554], [36.72842000325523, -0.8702660454643847], [36.752210489908876, -0.8714006212022318], [36.7561228434245, -0.8744327121310511], [36.77817620171443, -0.8756191677517111], [36.78276604546443, -0.8811228434244542], [36.784239027235266, -0.8868621826171625], [36.80221048990887, -0.8880672878688984], [36.806122843424504, -0.8910993787977182], [36.810543823242206, -0.8922339545355653], [36.81445617675784, -0.8952660454643846], [36.82304382324221, -0.8964006212022317], [36.8311228434245, -0.9035993787977179], [36.83554382324221, -0.9047339545355655], [36.8436228434245, -0.9119327121310516], [36.84804382324221, -0.9130672878688988], [36.868622843424504, -0.9327660454643851], [36.877210489908876, -0.9339006212022323], [36.88945617675783, -0.9452660454643853], [36.89498257107207, -0.9466840955945934], [36.8967241075304, -0.9534705268011909], [36.9186228434245, -0.9744327121310521], [36.920833333333356, -0.9749999999999757], [36.92721048990887, -0.9755672878688992], [36.9436228434245, -0.9910993787977187], [36.95327928331165, -0.9923750135633438], [36.955017428927974, -0.999149237738691], [36.95833333333336, -0.999999999999976], [36.959184095594644, -1.003315904405358], [36.964710489908875, -1.004733954535566], [36.9686228434245, -1.0077660454643858], [36.97083333333335, -1.0083333333333093], [36.97160576714412, -1.005053032769073], [36.97599928114152, -1.0036844889322674], [36.981085205078145, -1.0078036838107396], [36.985581461588566, -1.0088629828558786], [36.99358520507815, -1.0161370171440733], [36.99808146158856, -1.017196316189212], [37.00608520507815, -1.0244703504774066], [37.014748128255235, -1.0255296495225457], [37.022751871744816, -1.03280368381074], [37.02724812825523, -1.033862982855879], [37.03108520507815, -1.0369703504774068], [37.03974812825523, -1.0380296495225454], [37.043585205078145, -1.0411370171440733], [37.05416666666669, -1.041666666666643], [37.054733954535614, -1.0438771565754972], [37.05776604546443, -1.047789510091122], [37.05918409559464, -1.0533159044053582], [37.064710489908876, -1.0547339545355667], [37.0686228434245, -1.057766045464386], [37.07721048990888, -1.0589006212022332], [37.08528951009117, -1.0660993787977193], [37.089710489908875, -1.0672339545355665], [37.09778951009117, -1.0744327121310526], [37.11471048990888, -1.0755672878689002], [37.118622843424504, -1.0785993787977195], [37.128279283311656, -1.0798750135633446], [37.13006354437936, -1.0868286132812264], [37.14267849392363, -1.0880672878689], [37.16028951009117, -1.0714006212022333], [37.16994594997832, -1.0701249864366082], [37.170833333333356, -1.066666666666643], [37.17414923773874, -1.0658159044053583], [37.17596774631079, -1.0587293836805318], [37.181122843424504, -1.0547339545355667], [37.18554382324221, -1.0535993787977191], [37.18945617675784, -1.0505672878688999], [37.20637715657554, -1.0494327121310527], [37.21028951009117, -1.046400621202233], [37.21471048990888, -1.0452660454643858], [37.218622843424505, -1.0422339545355666], [37.223043823242215, -1.0410993787977194], [37.22842000325523, -1.0369327121310525], [37.23252224392363, -1.0385067409939], [37.23418409559464, -1.0449825710720249], [37.237500000000026, -1.0458333333333094], [37.237858072916694, -1.0482903374565735], [37.243408881293426, -1.0538133409287957], [37.264924452039956, -1.0545199924044901], [37.268408881293425, -1.0579800075954626], [37.289924452039955, -1.058686659071157], [37.29340888129343, -1.062146674262129], [37.29825778537329, -1.0628533257378234], [37.305908881293426, -1.0704800075954624], [37.31075778537329, -1.0711866590711572], [37.34340888129343, -1.103813340928796], [37.3607849121094, -1.1045210096570948], [37.37048000759551, -1.1142422146267128], [37.371191067165825, -1.119121636284699], [37.38090888129343, -1.1288133409287964], [37.38333333333336, -1.1291666666666433], [37.389924452039956, -1.1295199924044907], [37.39340888129343, -1.1329800075954628], [37.39825778537329, -1.1336866590711576], [37.401742214626765, -1.1371466742621297], [37.40416666666669, -1.137499999999977], [37.404733954535615, -1.1438771565754977], [37.42026604546444, -1.1602895100911228], [37.42140062120228, -1.1647104899088312], [37.42859937879777, -1.172789510091123], [37.430017428927975, -1.178315904405359], [37.43554382324221, -1.1797339545355676], [37.44362284342451, -1.1869327121310538], [37.448043823242216, -1.188067287868901], [37.46565483940975, -1.2047339545355675], [37.468877156575545, -1.2035993787977204], [37.472789510091175, -1.200567287868901], [37.477210489908884, -1.199432712131054], [37.4825866699219, -1.195266045464387], [37.48554382324222, -1.1964006212022342], [37.49092000325523, -1.200567287868901], [37.50221048990888, -1.199432712131054], [37.50612284342451, -1.1964006212022342], [37.52500000000003, -1.1958333333333107], [37.52742445203996, -1.196186659071158], [37.53090888129343, -1.1996466742621301], [37.53333333333336, -1.1999999999999775], [37.53750000000003, -1.1999999999999775], [37.544091118706625, -1.2003533257378245], [37.55174221462676, -1.2079800075954634], [37.56492445203996, -1.2086866590711582], [37.56840888129343, -1.2121466742621303], [37.57500000000003, -1.2124999999999777], [37.57597181532121, -1.215898301866297], [37.585493638780406, -1.2172841389973734], [37.58958333333336, -1.2202718098958107], [37.59367302788631, -1.2172841389973734], [37.59799363878041, -1.2160491943359149], [37.602006361219644, -1.2131174723307065], [37.61049363878041, -1.2118825276692484], [37.61571824815541, -1.2080657958984151], [37.61728413899743, -1.218826972113693], [37.620215861002634, -1.222839694552929], [37.62145080566409, -1.2354936387803597], [37.6243825276693, -1.239506361219596], [37.62500000000003, -1.245833333333311], [37.625567287868954, -1.2605438232421653], [37.62859937879777, -1.2644561767577907], [37.63001742892798, -1.2699825710720267], [37.63333333333336, -1.2708333333333113], [37.63368665907121, -1.2774244520399085], [37.63785332573787, -1.2816202799478948], [37.63714667426218, -1.2940911187065756], [37.63298000759551, -1.2982869466145615], [37.63368665907121, -1.3065911187065753], [37.63714667426218, -1.3100755479600479], [37.63750000000003, -1.3249999999999784], [37.63785332573787, -1.3315911187065756], [37.645480007595516, -1.3392422146267147], [37.646186659071205, -1.3440911187065758], [37.64964667426218, -1.347575547960048], [37.650353325737875, -1.356591118706576], [37.65381334092885, -1.3600755479600481], [37.654519992404545, -1.3649244520399093], [37.65798000759551, -1.3684088812933815], [37.65868665907121, -1.3732577853732426], [37.66214667426218, -1.3767422146267148], [37.66285332573788, -1.381591118706576], [37.67881334092885, -1.3975755479600487], [37.67951999240454, -1.4065911187065763], [37.68298000759552, -1.4100755479600484], [37.68333333333336, -1.4208333333333125], [37.68992445203996, -1.42118665907116], [37.70174221462676, -1.4329800075954653], [37.71075778537329, -1.4336866590711597], [37.714242214626765, -1.4371466742621322], [37.7166666666667, -1.4374999999999791], [37.717019992404545, -1.43992445203991], [37.72048000759551, -1.443408881293382], [37.72118665907121, -1.45242445203991], [37.72464667426218, -1.4559088812933823], [37.72535332573788, -1.4607577853732434], [37.728813340928845, -1.4642422146267156], [37.72916666666669, -1.483333333333313], [37.73293728298614, -1.484301079644077], [37.73693271213111, -1.489456176757792], [37.73806728786895, -1.4938771565755005], [37.74109937879777, -1.4977895100911258], [37.74251742892798, -1.503315904405362], [37.74804382324221, -1.50473395453557], [37.76862284342451, -1.5244327121310564], [37.789710489908884, -1.5255672878689035], [37.79362284342451, -1.5285993787977232], [37.79935438368059, -1.5300703260633481], [37.8119327121311, -1.5436228434244592], [37.81250000000003, -1.5458333333333134], [37.81250000000003, -1.566666666666647], [37.81993374294708, -1.5673278808593554], [37.82140062120229, -1.573043823242168], [37.824432712131106, -1.5769561767577929], [37.82556728786895, -1.5980438232421683], [37.828599378797776, -1.6019561767577932], [37.82973395453562, -1.6063771565755016], [37.83693271213111, -1.6144561767577934], [37.83806728786895, -1.6230438232421682], [37.84109937879777, -1.6269561767577931], [37.8416666666667, -1.6458333333333144]]]}, "properties": {"zone_key": "bas_nairobi", "name": "Nairobi / upper Athi", "iso3": "KEN", "hybas_id": 1071184690, "next_down": 1071192210, "area_km2": 7292, "downstream": null, "routing_days": null}}, {"type": "Feature", "geometry": {"type": "Polygon", "coordinates": [[[34.02916666666668, 0.09583333333335009], [34.025000000000034, 0.09583333333335009], [34.024646674262165, 0.09825778537328089], [34.01701999240453, 0.10590888129341991], [34.01631334092883, 0.11075778537328107], [34.012853325737865, 0.11424221462675321], [34.01214667426217, 0.12742445203994768], [34.008686659071195, 0.13090888129341982], [34.00833333333336, 0.14166666666668393], [34.008686659071195, 0.14409111870661473], [34.018378194173195, 0.15380893283421893], [34.02325778537328, 0.15451999240453107], [34.028808593750014, 0.16004299587675375], [34.02951999240453, 0.1649244520399482], [34.0329800075955, 0.16840888129342035], [34.03368665907119, 0.18992445203994812], [34.04131334092884, 0.19757554796008714], [34.042019992404526, 0.2024244520399483], [34.0454800075955, 0.20590888129342044], [34.04583333333335, 0.21666666666668455], [34.04825778537328, 0.21701999240453196], [34.066311984592026, 0.23504876030817767], [34.066666666666684, 0.2416666666666849], [34.08159111870661, 0.2413133409288375], [34.08995107014975, 0.2329800075955042], [34.094091118706615, 0.23368665907119857], [34.09757554796008, 0.23714667426217062], [34.10242445203995, 0.23785332573786544], [34.10625000000002, 0.24165208604602517], [34.1107871161567, 0.23714667426217062], [34.11492445203994, 0.23785332573786544], [34.11840888129342, 0.2413133409288375], [34.12083333333335, 0.2416666666666849], [34.121684265136736, 0.24498257107206678], [34.12721048990887, 0.2464006212022749], [34.13112284342449, 0.24943271213109464], [34.13971048990887, 0.2505672878689418], [34.144865587022586, 0.25456271701390687], [34.146400621202275, 0.2605438232422057], [34.149432712131095, 0.2644561767578306], [34.15056728786894, 0.2897104899088725], [34.15359937879776, 0.29362284342449785], [34.15416666666668, 0.29583333333335204], [34.16160040961373, 0.2964945475260601], [34.162500000000016, 0.3000000000000185], [34.16492445203995, 0.3003533257378659], [34.168408881293416, 0.30381334092883794], [34.17083333333335, 0.30416666666668535], [34.17500000000002, 0.30416666666668535], [34.20833333333335, 0.30416666666668535], [34.210468377007395, 0.30480957031251865], [34.21869828965931, 0.31185709635418535], [34.23546837700739, 0.31314290364585196], [34.25203162299264, 0.32852376302085196], [34.2573691474067, 0.33013102213543544], [34.259781392415384, 0.3381429036458523], [34.27426045735679, 0.33673129611547026], [34.27571902804906, 0.3177046034071367], [34.2823691474067, 0.31570231119793535], [34.28397606743708, 0.3103651258680742], [34.28685726589629, 0.3063015407986298], [34.287500000000016, 0.30416666666668535], [34.28966013590497, 0.30478413899741463], [34.293673197428404, 0.30771586100262294], [34.2979934692383, 0.30895080566408106], [34.30200653076174, 0.31188252766928937], [34.307565138075105, 0.3134718153211993], [34.30914035373266, 0.3242943657769284], [34.32817314995661, 0.3256920708550535], [34.329784308539516, 0.3313269721137342], [34.33271569146052, 0.3353396945529701], [34.33333333333335, 0.34166666666668544], [34.348257785373285, 0.34131334092883847], [34.35174221462675, 0.337853325737866], [34.35833333333335, 0.337500000000019], [34.3739705403646, 0.3381028917100881], [34.39109937879776, 0.3561228434244983], [34.392803785536046, 0.3627644856771024], [34.397789510091165, 0.35890062120227606], [34.40000000000002, 0.3583333333333525], [34.40056728786894, 0.3519561767578314], [34.40787150065106, 0.3437588161892551], [34.40377078586156, 0.3384677463107826], [34.39644995795358, 0.3365888807508868], [34.395266045464425, 0.3115403917100883], [34.40510694715714, 0.3006907145182476], [34.41545172797311, 0.2994327121310949], [34.416666666666686, 0.30416666666668535], [34.42083333333335, 0.30416666666668535], [34.42083333333335, 0.3000000000000185], [34.42500000000002, 0.3000000000000185], [34.42613711886938, 0.29556884765626856], [34.432586669921896, 0.30056728786894205], [34.44493696424698, 0.299326239691859], [34.44668426513674, 0.2925174289279697], [34.4535837809245, 0.29074707031251856], [34.463067287868945, 0.280103895399324], [34.461932712131095, 0.2769561767578308], [34.457766045464425, 0.2715799967448098], [34.458900621202275, 0.2644561767578306], [34.461932712131095, 0.2605438232422057], [34.463350931803404, 0.25501742892796964], [34.47043745252823, 0.25319892035592106], [34.4744327121311, 0.24804382324220553], [34.47556728786894, 0.2394561767578307], [34.47859937879776, 0.23554382324220535], [34.479166666666686, 0.23333333333335116], [34.48575778537328, 0.2329800075955042], [34.48958333333335, 0.22918124728734446], [34.49340888129342, 0.2329800075955042], [34.49825778537328, 0.23368665907119857], [34.502453782823366, 0.23785332573786544], [34.510757785373286, 0.23714667426217062], [34.51874932183161, 0.2291805691189417], [34.52257554796009, 0.2329800075955042], [34.531591118706615, 0.23368665907119857], [34.53924221462675, 0.2413133409288375], [34.55000000000002, 0.2416666666666849], [34.5508509318034, 0.23835076226130258], [34.55637715657554, 0.23693271213109446], [34.56028951009117, 0.23390062120227517], [34.57721048990887, 0.23276604546442758], [34.581122843424495, 0.2297339545356083], [34.61158667670358, 0.2285590277777958], [34.61340925428605, 0.22145690917970562], [34.62500000000002, 0.22083333333335142], [34.627210489908876, 0.22026604546442785], [34.6311228434245, 0.21723395453560812], [34.63664906819663, 0.2158159044054], [34.63750000000002, 0.21250000000001767], [34.633333333333354, 0.21250000000001767], [34.63259785970054, 0.2049665662977609], [34.62708689371747, 0.2005588107639067], [34.62204589843752, 0.20424126519099017], [34.619674513075104, 0.19594726562501785], [34.61466013590497, 0.19228413899741348], [34.60905049641929, 0.19068027072484428], [34.60759785970054, 0.1757998996310941], [34.600615607367644, 0.17021586100262187], [34.5936731974284, 0.17145080566408], [34.58796912299264, 0.17561747233074687], [34.581173197428406, 0.1743825276692883], [34.575469122992644, 0.17021586100262187], [34.57283986409507, 0.17145080566408], [34.56713578965931, 0.17561747233074687], [34.562226867675804, 0.17331136067710107], [34.55895097520618, 0.16882697211373277], [34.55762769911026, 0.15080702039932303], [34.547839864095074, 0.1493825276692884], [34.53966013590497, 0.1422841389974132], [34.53333333333335, 0.14166666666668393], [34.53390062120228, 0.1352895100911633], [34.5369327121311, 0.13137715657553795], [34.53806728786894, 0.12695617675782955], [34.54162648518882, 0.12236362033421866], [34.53137715657554, 0.11306728786894071], [34.521720716688385, 0.11179165310331562], [34.52083333333335, 0.10833333333335027], [34.51028951009116, 0.1077660454644267], [34.49700453016495, 0.09543592664932232], [34.495266045464426, 0.10221048990887116], [34.4871532864041, 0.11131523980036429], [34.48258666992189, 0.11306728786894071], [34.47721048990887, 0.10890062120227384], [34.46445617675783, 0.1077660454644267], [34.460543823242205, 0.10473395453560741], [34.45000000000002, 0.10416666666668384], [34.450353325737865, 0.08924221462675286], [34.4579800075955, 0.08159111870661384], [34.45833333333335, 0.07916666666668348], [34.4579800075955, 0.07674221462675268], [34.4461866590712, 0.06492445203994723], [34.445475260416686, 0.06004299587675277], [34.439924452039946, 0.05451999240453054], [34.43750000000002, 0.05416666666668313], [34.42283986409507, 0.05354902479386947], [34.41882680257163, 0.05061764187286233], [34.412030877007396, 0.0493823581272026], [34.406326802571634, 0.05354902479386947], [34.380166286892376, 0.0547843085395292], [34.37839847140844, 0.04263831244577898], [34.375000000000014, 0.04166666666669916], [34.37464667426217, 0.04409111870662974], [34.3711866590712, 0.04757554796010188], [34.37083333333335, 0.0500000000000167], [34.36840888129342, 0.049646674262185275], [34.36075778537328, 0.04201999240454635], [34.326742214626755, 0.04131334092885197], [34.32325778537328, 0.037853325737879695], [34.312500000000014, 0.03750000000003251], [34.31214667426217, 0.04825778537329639], [34.30662350124785, 0.05380859375003255], [34.301742214626756, 0.054519992404546525], [34.29825778537328, 0.0579800075955188], [34.287500000000016, 0.05833333333336599], [34.287500000000016, 0.07916666666668348], [34.28714667426217, 0.09825778537328089], [34.28162112765844, 0.10381096733942652], [34.27257554796009, 0.1045199924045308], [34.26492445203995, 0.11214667426216973], [34.24757554796009, 0.11285332573786411], [34.24409111870661, 0.1163133409288366], [34.235075547960086, 0.11701999240453098], [34.23159111870662, 0.12048000759550304], [34.22257554796008, 0.12118665907119786], [34.219091118706615, 0.12464667426216991], [34.21424221462675, 0.12535332573786429], [34.20869140625002, 0.13087632921008652], [34.20833333333335, 0.13333333333335062], [34.201742214626755, 0.1336866590711976], [34.19825778537328, 0.1371466742621701], [34.187500000000014, 0.13750000000001705], [34.18664906819663, 0.13418409559463518], [34.1811228434245, 0.13276604546442705], [34.17721048990887, 0.12973395453560732], [34.172789510091164, 0.12859937879776018], [34.16471048990887, 0.12140062120227402], [34.1561228434245, 0.12026604546442687], [34.15221048990887, 0.11723395453560759], [34.146684265136734, 0.11581590440539902], [34.145266045464425, 0.11028951009116295], [34.142233954535605, 0.10637715657553803], [34.14109937879776, 0.10195617675782964], [34.13806728786894, 0.09804382324220429], [34.13636288113066, 0.09140218098960018], [34.12991333007814, 0.09640062120227366], [34.10195617675783, 0.09526604546442652], [34.09657999674481, 0.09109937879776009], [34.08945617675783, 0.09223395453560723], [34.084079996744805, 0.09640062120227366], [34.06028951009116, 0.09526604546442652], [34.05625000000001, 0.09213528103300295], [34.05208333333335, 0.0953647189670308], [34.0480438232422, 0.09223395453560723], [34.02916666666668, 0.09166666666668366], [34.02916666666668, 0.09583333333335009]]]}, "properties": {"zone_key": "bas_nzoia_low", "name": "Lower Nzoia (Budalangi plain)", "iso3": "KEN", "hybas_id": 1071141280, "next_down": 1071142060, "area_km2": 1307, "downstream": null, "routing_days": null}}, {"type": "Feature", "geometry": {"type": "Polygon", "coordinates": [[[34.77500000000002, -0.38333333333330444], [34.781591118706615, -0.3836866590711514], [34.78507554796009, -0.3871466742621239], [34.791666666666686, -0.38749999999997087], [34.79904022216799, -0.38815595838755756], [34.80359937879776, -0.39362284342445], [34.80501759847007, -0.3991490681965857], [34.810543823242206, -0.4005672878688946], [34.81445617675784, -0.4035993787977139], [34.82721048990888, -0.4047339545355615], [34.8311228434245, -0.4077660454643808], [34.83554382324221, -0.4089006212022279], [34.84092000325523, -0.4130672878688948], [34.84804382324221, -0.41193271213104765], [34.852083333333354, -0.40880211724172444], [34.8561228434245, -0.41193271213104765], [34.86471048990887, -0.4130672878688948], [34.868622843424504, -0.4160993787977141], [34.87429165310332, -0.41755405002167256], [34.87570427788631, -0.428247239854572], [34.8811228434245, -0.43276604546438113], [34.88971048990888, -0.4339006212022283], [34.893750000000026, -0.43703121609155104], [34.899253336588565, -0.43276604546438113], [34.91054382324221, -0.4339006212022283], [34.92278951009117, -0.4452660454643813], [34.93137715657554, -0.44640062120222845], [34.936753336588566, -0.4505672878688949], [34.939710489908876, -0.44943271213104774], [34.9436228434245, -0.44640062120222845], [34.950000000000024, -0.4458333333333049], [34.95637715657554, -0.44640062120222845], [34.960289510091165, -0.44943271213104774], [34.96991373697919, -0.4507042778862562], [34.97556728786895, -0.45748324924042283], [34.974009874131966, -0.4616848415798325], [34.966402180989604, -0.46363711886932935], [34.970266045464435, -0.4686228434244506], [34.97140062120228, -0.49804382324215934], [34.9744327121311, -0.5019561767577843], [34.97556728786895, -0.5105438232421595], [34.97859937879777, -0.5144561767577844], [34.980134412977456, -0.5204374525281836], [34.98528951009117, -0.5244327121310484], [34.992233954535614, -0.5262149386935486], [34.99109937879776, -0.5355438232421594], [34.988067287868944, -0.5394561767577848], [34.98686218261721, -0.557427639431396], [34.97956271701391, -0.5593010796440696], [34.97546861436634, -0.5645833333333057], [34.97859937879777, -0.5686228434244516], [34.97916666666669, -0.5708333333333058], [34.97257554796009, -0.5711866590711532], [34.96702100965714, -0.5767135620116912], [34.96631334092884, -0.5982577853732365], [34.960432603624156, -0.604168023003445], [34.956250000000026, -0.6000145806206323], [34.952424452039956, -0.603813340928792], [34.939953613281276, -0.6045199924044864], [34.93575778537328, -0.60035332573782], [34.92916666666669, -0.5999999999999726], [34.928431532118076, -0.6075307210286187], [34.91763848198787, -0.6091015285915526], [34.91574028862849, -0.6157402886284449], [34.91250000000002, -0.6166666666666396], [34.91025187174481, -0.6171961466471081], [34.90516594780818, -0.6213153415255803], [34.900772433810786, -0.6199469672308755], [34.90000000000002, -0.6166666666666396], [34.897789510091165, -0.616099378797716], [34.89280395507815, -0.6122353447807889], [34.8908159044054, -0.6199824015299207], [34.883994547526065, -0.6217329237195908], [34.883333333333354, -0.6291666666666393], [34.87695617675784, -0.6285993787977158], [34.86736958821617, -0.6199040730793999], [34.86595831976999, -0.6092207166883408], [34.85918409559464, -0.6074824015299205], [34.85776604546443, -0.6019561767577852], [34.853770616319466, -0.5968010796440697], [34.85000000000002, -0.5958333333333061], [34.85085076226131, -0.5925175984700246], [34.857698567708354, -0.5907602945963268], [34.85890062120228, -0.572048272026882], [34.854166666666686, -0.5708333333333058], [34.85354919433596, -0.5686731974283576], [34.850617472330754, -0.5646601359049201], [34.84938252766929, -0.5561731974283579], [34.84228430853952, -0.5479934692382535], [34.840854220920164, -0.5381679958767083], [34.825000000000024, -0.5374999999999721], [34.82257554796009, -0.5371466742621247], [34.819091118706616, -0.5336866590711526], [34.81666666666669, -0.5333333333333052], [34.81424221462676, -0.5336866590711526], [34.81075778537328, -0.5371466742621247], [34.77674221462676, -0.5378533257378195], [34.77119140625002, -0.5433764987521421], [34.77048000759551, -0.5482577853732362], [34.76078932020401, -0.557974582248236], [34.75661773681643, -0.558686659071153], [34.74825778537328, -0.5503533257378193], [34.739242214626756, -0.5496466742621249], [34.72952440049915, -0.5399551391601283], [34.72881334092884, -0.5350755479600418], [34.72535332573787, -0.5315911187065692], [34.724646674262175, -0.5191204494899893], [34.72881334092884, -0.5149244520399026], [34.72951999240453, -0.5100755479600414], [34.73298000759551, -0.5065911187065693], [34.7336866590712, -0.5017422146267081], [34.73714667426217, -0.4982577853732355], [34.737853325737866, -0.49411739773217667], [34.72745513916018, -0.48369106716577015], [34.72500000000002, -0.48333333333330497], [34.72257554796009, -0.4836866590711524], [34.719091118706615, -0.48714667426212444], [34.71666666666669, -0.48749999999997184], [34.71545172797311, -0.49223395453556185], [34.69778951009117, -0.4910993787977147], [34.689710489908876, -0.48390062120222854], [34.68333333333335, -0.48333333333330497], [34.68271569146052, -0.4811731974283573], [34.67834184434681, -0.47570444742835694], [34.65914035373266, -0.4742943657768812], [34.657715691460524, -0.46450653076169024], [34.65405273437502, -0.4594921535915515], [34.646759711371544, -0.45740695529511033], [34.64521569146052, -0.45200653076169006], [34.642284308539516, -0.44799346923825256], [34.64045410156252, -0.44159206814233265], [34.635407172309044, -0.4452787611219331], [34.61882680257163, -0.4297843085394679], [34.60553453233509, -0.4285490247938082], [34.603289625379794, -0.43640068901906837], [34.5992633395725, -0.4381176418728012], [34.589660135904964, -0.4297843085394679], [34.577006530761736, -0.4285490247938082], [34.5604934692383, -0.41311764187280087], [34.55617319742841, -0.41188235812714113], [34.551158820258266, -0.40821940104163756], [34.54938235812719, -0.4020065307616898], [34.54571940104169, -0.39699215359155104], [34.53950653076174, -0.3952156914604745], [34.535493469238304, -0.3922843085394674], [34.52283986409507, -0.39104902479380765], [34.51882680257163, -0.38811764187280096], [34.51666666666669, -0.38749999999997087], [34.51250000000002, -0.38749999999997087], [34.50918426513674, -0.3883509318033562], [34.508333333333354, -0.39166666666663774], [34.50174221462675, -0.39131334092879033], [34.49825778537328, -0.3878533257378183], [34.49166666666669, -0.38749999999997087], [34.460289510091165, -0.3869327121310473], [34.45637715657554, -0.383900621202228], [34.41758236355253, -0.38273484971785265], [34.416666666666686, -0.37916666666663756], [34.413163757324234, -0.38014204237193283], [34.41182776557076, -0.40333930121524864], [34.40331454806859, -0.40477176242401613], [34.38967268202042, -0.39227176242401596], [34.386959330240906, -0.3910615709092591], [34.381339348687085, -0.39522823757592596], [34.379166666666684, -0.39583333333330417], [34.379166666666684, -0.39166666666663774], [34.375000000000014, -0.39166666666663774], [34.374432712131096, -0.38945617675778355], [34.37140062120228, -0.38554382324215863], [34.370266045464426, -0.38112284342445024], [34.36723395453561, -0.3772104899088249], [34.36609937879776, -0.36984524197045676], [34.37859937879776, -0.3563771565754914], [34.37973395453561, -0.3436228434244497], [34.38693271213109, -0.3355438232421579], [34.38806728786894, -0.3282070583767065], [34.37823740641278, -0.31736958821611605], [34.3686228434245, -0.31609937879771355], [34.35637715657554, -0.3047339545355605], [34.34672071668839, -0.30345815022783507], [34.34583333333335, -0.29999999999997007], [34.3461866590712, -0.29340888129337284], [34.3579800075955, -0.2815911187065674], [34.358686659071196, -0.27674221462670623], [34.36631334092884, -0.2690911187065672], [34.36666666666668, -0.26666666666663685], [34.3633509318034, -0.26581573486325105], [34.36250000000002, -0.26249999999997], [34.354969278971375, -0.2617648654513589], [34.35337253146703, -0.25079413519962257], [34.3436731974284, -0.24938235812714016], [34.339660135904964, -0.24645097520613302], [34.33533986409507, -0.24521569146047328], [34.32583177354603, -0.2369649251301782], [34.32438235812719, -0.2270065307616882], [34.31613159179689, -0.2174984402126432], [34.3061731974284, -0.2160490247938065], [34.301158820258266, -0.21238606770830293], [34.29938235812719, -0.20617319742835472], [34.29645097520618, -0.20216013590491722], [34.29521569146052, -0.1728398640950215], [34.292223273383264, -0.16874338785804222], [34.29938235812719, -0.16049346923825025], [34.3009716457791, -0.15493486192488248], [34.31176486545141, -0.1533640543619481], [34.31311764187285, -0.13950653076168784], [34.32021569146052, -0.13132680257158347], [34.32145097520618, -0.12036421034068079], [34.31728430853951, -0.11466013590491686], [34.316666666666684, -0.10416666666663543], [34.31998240152996, -0.10331573486325007], [34.320833333333354, -0.09999999999996856], [34.32500000000002, -0.09999999999996856], [34.328315734863295, -0.0991490681965832], [34.33013441297745, -0.09206254747175668], [34.33675333658856, -0.08693271213104481], [34.339710489908875, -0.08806728786889195], [34.34508666992189, -0.09223395453555883], [34.35328691270618, -0.09092797173390954], [34.35473395453561, -0.08528951009111418], [34.35776604546443, -0.08137715657548927], [34.35918426513673, -0.075850931803354], [34.36471048990887, -0.07443271213104463], [34.3686228434245, -0.07140062120222535], [34.38237355550132, -0.07017737494571508], [34.38693271213109, -0.06471048990882267], [34.3883509318034, -0.05918426513668695], [34.39166666666669, -0.058333333333301596], [34.39825778537328, -0.058686659071149005], [34.40245378282337, -0.06285332573781544], [34.406591118706615, -0.06214667426212106], [34.410787116156705, -0.05798000759545463], [34.43159111870661, -0.058686659071149005], [34.43507554796009, -0.06214667426212106], [34.43750000000002, -0.06249999999996847], [34.439924452039946, -0.06214667426212106], [34.44340888129342, -0.058686659071149005], [34.448290167914514, -0.05797526041663481], [34.45381334092884, -0.05242445203989865], [34.454519992404535, -0.04340888129337106], [34.4579800075955, -0.03992445203989892], [34.45869140625002, -0.03504316541880481], [34.46424221462676, -0.029519992404481776], [34.47742445203995, -0.0288133409287874], [34.48090888129342, -0.025353325737815346], [34.48750000000002, -0.024999999999967937], [34.48971048990887, -0.024432712131044365], [34.4936228434245, -0.02140062120222508], [34.50327928331165, -0.020124816894499187], [34.505070156521285, -0.013145785861512937], [34.518622843424495, -0.0005672878688915972], [34.527210489908875, 0.0005672878689559901], [34.5311228434245, 0.0035993787977752767], [34.54077928331165, 0.0048751831055009465], [34.54223395453561, 0.010543823242219696], [34.557766045464426, 0.026956176757844785], [34.559301079644115, 0.032937452528244204], [34.56445617675783, 0.036932712131108936], [34.566666666666684, 0.03750000000001652], [34.57304382324221, 0.036932712131108936], [34.5936228434245, 0.017233954535622598], [34.59804382324221, 0.016099378797775454], [34.60195617675783, 0.013067287868955946], [34.6157670762804, 0.011838785807323893], [34.61666666666669, 0.0083333333333655], [34.623043823242206, 0.0077660454644419286], [34.632396104600716, -0.0005672878688915972], [34.63727823893231, 0.0011923895942160812], [34.64109937879776, 0.006122843424511304], [34.64223395453561, 0.010543823242219696], [34.64526604546443, 0.01445617675784483], [34.64673292371964, 0.02017211914065742], [34.65416666666669, 0.020833333333365678], [34.66054382324221, 0.020266045464442106], [34.66445617675783, 0.017233954535622598], [34.66998240152997, 0.015815734863313446], [34.671714274088565, 0.00906745062937242], [34.68010389539933, 0.0077660454644419286], [34.68945617675783, 0.016099378797775454], [34.69498240152997, 0.017517598470084383], [34.695833333333354, 0.02083333333334947], [34.69914906819663, 0.021684265136751035], [34.700903489854625, 0.028520880805154025], [34.714456176757835, 0.04109937879777559], [34.71666666666669, 0.04166666666669916], [34.71757015652129, 0.04518754747182063], [34.732345241970506, 0.05890062120228956], [34.73971048990887, 0.05776604546444242], [34.745086669921896, 0.05359937879777554], [34.748043823242206, 0.05473395453562291], [34.75195617675784, 0.05776604546444242], [34.77304382324221, 0.05890062120228956], [34.776956176757835, 0.06193271213110907], [34.79492763943144, 0.06313764784074438], [34.79675309922962, 0.07025044759117849], [34.80739610460071, 0.07973395453562304], [34.814710489908876, 0.0785993787977759], [34.81875000000002, 0.07546878390845291], [34.82425333658856, 0.07973395453562304], [34.82721048990888, 0.0785993787977759], [34.83540785047745, 0.07129516601565777], [34.839456176757835, 0.07443271213110925], [34.84166666666669, 0.07500000000003282], [34.84498257107207, 0.07585093180341818], [34.84583333333335, 0.07916666666668348], [34.854166666666686, 0.07916666666669947], [34.85659111870662, 0.07881334092885228], [34.86041666666669, 0.07501458062069255], [34.86495361328127, 0.07951999240454666], [34.885757785373286, 0.07881334092885228], [34.889242214626755, 0.07535332573788], [34.90242445203995, 0.07464667426218563], [34.90590888129343, 0.07118665907121335], [34.910757785373285, 0.07048000759551876], [34.91424221462676, 0.0670199924045467], [34.94409111870662, 0.0663133409288521], [34.94757554796009, 0.06285332573787983], [34.952424452039956, 0.06214667426218545], [34.95662027994794, 0.0579800075955188], [34.96492445203995, 0.058686659071213176], [34.96840888129343, 0.06214667426218545], [34.97083333333335, 0.06250000000003264], [34.97916666666669, 0.06250000000003264], [34.978813340928845, 0.04340888129343523], [34.9711866590712, 0.035757785373296436], [34.9704786512587, 0.022547912597688624], [34.96075778537329, 0.012853325737879562], [34.95833333333336, 0.012500000000032374], [34.95089959038631, 0.011838785807323893], [34.94914923773874, 0.005017598470084206], [34.945833333333354, 0.004166666666698848], [34.9461866590712, -0.0024244520398983838], [34.949646674262176, -0.005908881293370527], [34.950000000000024, -0.012499999999967759], [34.9575619167752, -0.01327141655812758], [34.95897623697919, -0.027135043674013204], [34.97019042968752, -0.03953162299258972], [34.971476236979186, -0.04380171034067981], [34.975642903645856, -0.049678209092850256], [34.974306911892384, -0.08253885904944758], [34.9604682074653, -0.09519059922956918], [34.95619845920141, -0.09647606743703463], [34.9479682074653, -0.10352393256290249], [34.939531792534744, -0.10480940077036793], [34.9354682074653, -0.10769059922956936], [34.92703179253474, -0.10897606743703481], [34.9229682074653, -0.11185726589623624], [34.914531792534746, -0.11314273410370124], [34.90630154079864, -0.12019059922956954], [34.90203179253474, -0.12147606743703498], [34.88130154079863, -0.14102393256290302], [34.877031792534744, -0.14230940077036847], [34.8729682074653, -0.1451905992295699], [34.86666666666669, -0.1458333333333024], [34.863350762261305, -0.14668426513668775], [34.862500000000026, -0.14999999999996882], [34.867233954535614, -0.15121493869354552], [34.86609937879776, -0.16054382324215677], [34.85473395453561, -0.17278951009111498], [34.85359937879777, -0.18137715657549025], [34.85056728786895, -0.18528951009111516], [34.849149237738736, -0.19081573486325043], [34.8436228434245, -0.1922339545355598], [34.839710489908875, -0.1952660454643791], [34.8311228434245, -0.19640062120222623], [34.82574666341148, -0.2005672878688931], [34.82278951009117, -0.19943271213104596], [34.81873864067927, -0.19629313151038597], [34.80637715657554, -0.20776604546437927], [34.797789510091164, -0.2089006212022264], [34.781377156575545, -0.22443271213104588], [34.759242587619376, -0.22562357584632364], [34.757413567437084, -0.23275044759111552], [34.748043823242206, -0.24109937879771293], [34.74583333333335, -0.2416666666666365], [34.74583333333335, -0.2541666666666367], [34.74166666666669, -0.2541666666666367], [34.74166666666669, -0.2583333333333031], [34.739456176757834, -0.2589006212022267], [34.73398929172094, -0.26345977783200114], [34.73276604546443, -0.27721048990882435], [34.72973395453561, -0.28112284342444926], [34.72859937879777, -0.28554382324215766], [34.72556728786894, -0.28945617675778257], [34.7244327121311, -0.3134975857204565], [34.73853030734594, -0.32856818305118596], [34.77391103108726, -0.3297632853189807], [34.775567287868945, -0.3340799967447623], [34.771400621202275, -0.33945617675778283], [34.77026604546443, -0.38211839463972774], [34.77500000000002, -0.38333333333330444]]]}, "properties": {"zone_key": "bas_lakeshore", "name": "Lake Victoria shore (Kisumu)", "iso3": "KEN", "hybas_id": 1071153060, "next_down": 1071146730, "area_km2": 3192, "downstream": null, "routing_days": null}}, {"type": "Feature", "geometry": {"type": "Polygon", "coordinates": [[[34.791666666666686, 0.7166666666666885], [34.77257554796009, 0.717019992404536], [34.76492445203995, 0.7246466742621749], [34.758333333333354, 0.7250000000000218], [34.75487518310549, 0.7258873833550568], [34.753599378797766, 0.7355438232422093], [34.75056728786895, 0.7394561767578347], [34.75000000000002, 0.7458333333333553], [34.74256625705297, 0.7464945475260638], [34.74109937879776, 0.7522104899088764], [34.737104119194896, 0.7573655870225915], [34.7311228434245, 0.7589006212022791], [34.725967746310786, 0.7628960503472446], [34.72414906819664, 0.7699825710720711], [34.7186228434245, 0.7714006212022793], [34.712513224283875, 0.7764957004123487], [34.716197882758266, 0.7812500000000222], [34.713067287868945, 0.7852895100911681], [34.711932712131095, 0.7897104899088765], [34.708900621202275, 0.7936228434245018], [34.70776604546443, 0.8063771565755435], [34.70473395453561, 0.8102895100911685], [34.70359937879776, 0.8147104899088768], [34.70056728786894, 0.8186228434245018], [34.6994327121311, 0.8230438232422101], [34.68806728786895, 0.8352895100911688], [34.686932712131096, 0.8397104899088772], [34.68390062120228, 0.8436228434245021], [34.68276604546443, 0.8480438232422105], [34.674417114257835, 0.8574137369791899], [34.66737518310549, 0.859220716688391], [34.66609937879776, 0.868877156575544], [34.65775044759117, 0.8782470703125234], [34.65416666666669, 0.87916666666669], [34.65381334092884, 0.8857577853732872], [34.65035332573787, 0.8892422146267593], [34.64964667426217, 0.8940911187066205], [34.642019992404535, 0.9017422146267595], [34.64131334092884, 0.9065911187066207], [34.637853325737865, 0.9100755479600928], [34.63714667426217, 0.9357577853732875], [34.6336866590712, 0.9392422146267596], [34.632980007595506, 0.973257785373288], [34.62951999240453, 0.9767422146267601], [34.628813340928836, 0.9815911187066213], [34.62535332573787, 0.9850755479600934], [34.62464667426217, 0.9899244520399546], [34.620847913954016, 0.9937500000000243], [34.62464667426217, 0.9975755479600936], [34.62500000000002, 1.000000000000024], [34.624432712131096, 1.0022104899088782], [34.611854214138475, 1.0157630072699897], [34.60501759847007, 1.0175174289279756], [34.60359937879776, 1.0230438232422117], [34.60056728786894, 1.026956176757837], [34.5994327121311, 1.0355438232422118], [34.59640062120228, 1.0394561767578372], [34.59526604546443, 1.0522104899088789], [34.59223395453561, 1.0561228434245038], [34.591099378797765, 1.0605438232422122], [34.588067287868945, 1.064456176757837], [34.586932712131095, 1.0772104899088788], [34.57973395453561, 1.0852895100911706], [34.57859937879776, 1.089710489908879], [34.57556728786894, 1.0936228434245039], [34.57500000000002, 1.100000000000025], [34.575358072916686, 1.102457004123289], [34.580908881293425, 1.1079800075955113], [34.58333333333335, 1.1083333333333583], [34.58750000000002, 1.1083333333333583], [34.588350931803404, 1.1116492377387401], [34.59166666666668, 1.1125000000000251], [34.59202440049915, 1.1149542914496777], [34.60590888129342, 1.1288133409288448], [34.61666666666669, 1.1291666666666917], [34.61751759847007, 1.1258507622613099], [34.623043823242206, 1.1244327121311017], [34.62695617675783, 1.121400621202282], [34.63750000000002, 1.1208333333333584], [34.65000000000002, 1.1208333333333584], [34.650850931803404, 1.1241492377387403], [34.656377156575545, 1.1255672878689489], [34.66028951009117, 1.1285993787977682], [34.67721048990887, 1.1297339545356153], [34.68528951009117, 1.1369327121311015], [34.689710489908876, 1.138067287868949], [34.6936228434245, 1.1410993787977683], [34.714710489908875, 1.1422339545356155], [34.7186228434245, 1.1452660454644352], [34.72304382324221, 1.1464006212022824], [34.72695617675783, 1.1494327121311017], [34.729166666666686, 1.1500000000000252], [34.729166666666686, 1.154166666666692], [34.729524739583354, 1.1566236707899558], [34.73507554796009, 1.1621466742621784], [34.73750000000002, 1.1625000000000254], [34.74166666666669, 1.1625000000000254], [34.74257015652129, 1.166020880805147], [34.7561228434245, 1.1785993787977684], [34.76471048990888, 1.179733954535616], [34.7686228434245, 1.1827660454644353], [34.77304382324221, 1.1839006212022825], [34.78528951009117, 1.1952660454644355], [34.7910837809245, 1.1967530992296265], [34.7994327121311, 1.206122843424505], [34.80085093180341, 1.2116490681966403], [34.80637715657554, 1.2130672878689497], [34.81028951009117, 1.216099378797769], [34.81250000000002, 1.2166666666666925], [34.82742445203995, 1.2163133409288451], [34.83162044949004, 1.2121466742621787], [34.83575778537329, 1.212853325737873], [34.83995378282337, 1.21701999240454], [34.85659111870662, 1.2163133409288451], [34.8607869466146, 1.2121466742621787], [34.86492445203995, 1.212853325737873], [34.868408881293426, 1.2163133409288451], [34.88992445203995, 1.21701999240454], [34.89828423394099, 1.2253533257378733], [34.90659111870662, 1.2246466742621789], [34.91007554796009, 1.2211866590712064], [34.916666666666686, 1.2208333333333594], [34.917881605360265, 1.216099378797769], [34.93554382324221, 1.2172339545356161], [34.94092000325523, 1.221400621202283], [34.94804382324221, 1.2202660454644358], [34.95342000325523, 1.216099378797769], [34.964710489908875, 1.2172339545356161], [34.9686228434245, 1.2202660454644358], [34.97916666666669, 1.2208333333333594], [34.983333333333356, 1.2208333333333594], [35.010757785373286, 1.2211866590712064], [35.01424221462676, 1.2246466742621789], [35.01666666666669, 1.2250000000000258], [35.01998257107207, 1.2258509318034112], [35.02083333333336, 1.2291666666666927], [35.02325778537329, 1.2288133409288453], [35.03994988335506, 1.2121466742621787], [35.04409111870662, 1.212853325737873], [35.04828694661461, 1.21701999240454], [35.06075778537329, 1.2163133409288451], [35.06458333333336, 1.2125145806206854], [35.06840888129343, 1.2163133409288451], [35.073257785373286, 1.21701999240454], [35.07674221462676, 1.220480007595512], [35.08750000000002, 1.2208333333333594], [35.08714667426218, 1.2232577853732898], [35.083347913954015, 1.2270833333333595], [35.08714667426218, 1.2309088812934288], [35.08785332573787, 1.23575778537329], [35.09131334092884, 1.239242214626762], [35.09201999240454, 1.2475462171766756], [35.08751424153648, 1.252083672417561], [35.09338039822051, 1.2579793294271098], [35.12325778537329, 1.258686659071207], [35.1329786512587, 1.2683812459310158], [35.133333333333354, 1.2750000000000266], [35.137500000000024, 1.2750000000000266], [35.141666666666694, 1.2750000000000266], [35.14256625705298, 1.2714945475260682], [35.15000000000003, 1.2708333333333597], [35.150567287868945, 1.2686228434245055], [35.153599378797765, 1.2647104899088806], [35.155054050021725, 1.2590418497721618], [35.16471048990888, 1.257766045464436], [35.1700866699219, 1.253599378797769], [35.189710489908876, 1.2547339545356166], [35.1946960449219, 1.2585979885525438], [35.195833333333354, 1.254166666666693], [35.204166666666694, 1.254166666666693], [35.22083333333336, 1.254166666666693], [35.22500000000002, 1.254166666666693], [35.233333333333356, 1.254166666666693], [35.237500000000026, 1.254166666666693], [35.23971048990888, 1.253599378797769], [35.243622843424504, 1.2505672878689498], [35.24914923773874, 1.2491490681966408], [35.25085076226131, 1.2425175984700783], [35.257937282986134, 1.2406989203559289], [35.2619327121311, 1.2355438232422133], [35.26306728786895, 1.2311228434245054], [35.26609937879777, 1.22721048990888], [35.26723395453561, 1.2227895100911716], [35.278599378797765, 1.2105438232422134], [35.28001742892798, 1.2050175984700777], [35.28685438368058, 1.2032631768120918], [35.2994327121311, 1.18971048990888], [35.30091959635419, 1.1839162190755466], [35.310289510091174, 1.1755672878689492], [35.314710489908876, 1.174432712131102], [35.31862284342451, 1.1714006212022823], [35.32721048990888, 1.1702660454644351], [35.33528951009117, 1.163067287868949], [35.34081590440541, 1.16164906819664], [35.34166666666669, 1.158333333333359], [35.34166666666669, 1.154166666666692], [35.34498257107207, 1.1533159044054075], [35.34680107964412, 1.146229383680581], [35.35195617675784, 1.1422339545356155], [35.35767211914065, 1.1407670762804072], [35.35833333333336, 1.1333333333333586], [35.369924248589435, 1.1327097574870044], [35.371684095594645, 1.1258507622613099], [35.37877061631947, 1.1240322536892613], [35.382766045464436, 1.1188771565755458], [35.384035915798634, 1.1092664930555807], [35.39778951009117, 1.096400621202282], [35.40416666666669, 1.095833333333358], [35.4048278808594, 1.103267076280407], [35.410543823242215, 1.1047339545356154], [35.41445617675784, 1.1077660454644347], [35.41741333007815, 1.1089006212022818], [35.422916666666694, 1.1046352810330111], [35.42708333333336, 1.107864718967039], [35.431122843424504, 1.1047339545356154], [35.43628506130645, 1.1035993787977683], [35.43806728786895, 1.1105438232422125], [35.445266045464436, 1.1186228434245042], [35.44640062120229, 1.1230438232422126], [35.45359937879777, 1.1311228434245044], [35.45473395453562, 1.1355438232422128], [35.45776604546444, 1.1394561767578377], [35.45890062120228, 1.146579996744817], [35.45473395453562, 1.151956176757838], [35.454166666666694, 1.1666666666666923], [35.45833333333336, 1.1666666666666923], [35.460493638780406, 1.1660490247938622], [35.46450636121965, 1.1631176418728555], [35.469906955295166, 1.1615736219618311], [35.47145080566409, 1.15617302788631], [35.47854919433596, 1.1479936387804073], [35.479784138997424, 1.1436730278863099], [35.48395080566409, 1.1379692925347475], [35.48271586100263, 1.1311730278863101], [35.47854919433596, 1.1254692925347474], [35.479821099175375, 1.0841478135850942], [35.4911315917969, 1.0825015597873513], [35.499443223741345, 1.072923109266518], [35.49639485677086, 1.0687500000000245], [35.4993825276693, 1.0646603054470734], [35.500986395941865, 1.0590504964192955], [35.50833333333336, 1.058333333333358], [35.50890062120229, 1.051956176757837], [35.51306728786895, 1.0465799967448164], [35.511932712131106, 1.0186228434245033], [35.507766045464436, 1.0132466634114827], [35.5089779324002, 0.99673733181426], [35.516270616319474, 0.9948655870225935], [35.52026604546444, 0.9897104899088784], [35.52140062120228, 0.98528951009117], [35.52453138563371, 0.9812500000000242], [35.52026604546444, 0.9757466634114822], [35.52140062120228, 0.968622843424503], [35.5244327121311, 0.9647104899088781], [35.52500000000003, 0.958333333333357], [35.5244327121311, 0.9561228434245028], [35.52140062120228, 0.9522104899088779], [35.52026604546444, 0.9186228434245027], [35.51723395453562, 0.9147104899088778], [35.51609937879777, 0.9116499159071414], [35.52181498209638, 0.9047966851128706], [35.54045172797312, 0.9035993787977663], [35.54166666666669, 0.9083333333333568], [35.54412367078996, 0.90797526041669], [35.54964667426218, 0.9024244520399538], [35.55035332573787, 0.8850755479600929], [35.55451999240454, 0.8808797200521066], [35.55381334092885, 0.8725755479600927], [35.55035332573787, 0.8690911187066201], [35.550000000000026, 0.8625000000000229], [35.54340888129343, 0.862146674262176], [35.53785569932728, 0.8566212972005438], [35.53714667426218, 0.8475755479600924], [35.53368665907121, 0.8440911187066202], [35.53298000759551, 0.8392422146267591], [35.52951999240454, 0.8357577853732869], [35.52881334092885, 0.8309088812934258], [35.525353325737875, 0.8274244520399532], [35.52500000000003, 0.8250000000000228], [35.525353325737875, 0.8184088812934256], [35.52881334092885, 0.8149244520399535], [35.5291666666667, 0.8083333333333558], [35.53272569444447, 0.8074198404948141], [35.533900621202285, 0.7769561767578348], [35.536932712131104, 0.7730438232422099], [35.53806728786895, 0.7686228434245015], [35.54119805230037, 0.7645833333333556], [35.53806728786895, 0.7605438232422097], [35.536932712131104, 0.7561228434245013], [35.533900621202285, 0.7522104899088764], [35.53333333333336, 0.7291666666666887], [35.53298000759551, 0.7267422146267579], [35.52951999240454, 0.7232577853732858], [35.52881334092885, 0.7100755479600913], [35.51285332573787, 0.694091118706619], [35.51214667426218, 0.6892422146267578], [35.50868665907121, 0.6857577853732857], [35.50798000759551, 0.6809088812934245], [35.50381334092884, 0.6767130533854382], [35.50451999240454, 0.6725755479600908], [35.50798000759551, 0.6690911187066186], [35.50833333333336, 0.6666666666666883], [35.50501742892798, 0.6658159044054033], [35.50331590440541, 0.6591840955946395], [35.496684095594645, 0.65748257107207], [35.49583333333336, 0.6541666666666881], [35.49583333333336, 0.6500000000000212], [35.49526604546443, 0.6436228434245006], [35.492233954535614, 0.6397104899088752], [35.49109937879777, 0.6227895100911671], [35.48806728786895, 0.6188771565755418], [35.48683878580732, 0.6050662570529726], [35.48333333333336, 0.6041666666666878], [35.45590888129343, 0.6045199924045348], [35.452424452039956, 0.6079800075955073], [35.4475755479601, 0.6086866590712017], [35.44409111870662, 0.6121466742621737], [35.435075547960096, 0.6128533257378681], [35.42325778537329, 0.6246466742621739], [35.41666666666669, 0.6250000000000213], [35.41609937879777, 0.6438771565755421], [35.41306728786895, 0.647789510091167], [35.411932712131104, 0.6522104899088754], [35.392125108506974, 0.6729034423828342], [35.39526604546444, 0.6769561767578343], [35.39640062120228, 0.6862850613064451], [35.391666666666694, 0.6875000000000218], [35.38945617675784, 0.6880672878689453], [35.385543823242216, 0.6910993787977646], [35.3825866699219, 0.6922339545356118], [35.37721048990888, 0.6880672878689453], [35.36592000325523, 0.6869327121310982], [35.359301079644126, 0.6920627170139104], [35.35743374294707, 0.6993387858073135], [35.343622843424505, 0.7005672878689455], [35.33971048990888, 0.7035993787977648], [35.32425333658857, 0.7047339545356119], [35.318877156575546, 0.7005672878689455], [35.30416666666669, 0.7000000000000219], [35.30359937879777, 0.7022104899088761], [35.29908040364586, 0.7076290554470703], [35.28945617675784, 0.7089006212022788], [35.281258816189265, 0.7162048339843969], [35.27721048990888, 0.7130672878689457], [35.2700866699219, 0.7119327121310981], [35.26471048990888, 0.716099378797765], [35.2450866699219, 0.7172339545356121], [35.23971048990888, 0.7130672878689457], [35.2311228434245, 0.7119327121310981], [35.22721048990888, 0.7089006212022788], [35.2200866699219, 0.7077660454644317], [35.21471048990888, 0.7119327121310981], [35.21028951009117, 0.7130672878689457], [35.19804382324221, 0.7244327121310983], [35.186753336588566, 0.7255672878689454], [35.18137715657554, 0.721400621202279], [35.1686228434245, 0.7202660454644318], [35.163467746310786, 0.7162706163194663], [35.1619327121311, 0.7102895100911675], [35.15890062120228, 0.7063771565755426], [35.15762498643666, 0.69672071668839], [35.15085076226131, 0.6949825710720705], [35.15000000000003, 0.6916666666666882], [35.13924221462676, 0.6913133409288412], [35.135757785373286, 0.6878533257378687], [35.09340888129343, 0.6871466742621744], [35.08992445203995, 0.6836866590712023], [35.08333333333336, 0.6833333333333549], [35.07695617675783, 0.6827660454644313], [35.07180107964412, 0.6787706163194662], [35.070266045464436, 0.6727895100911674], [35.058900621202284, 0.6605438232422092], [35.05748257107207, 0.6550174289279727], [35.05416666666669, 0.6541666666666881], [35.051742214626756, 0.6545199924045355], [35.04825778537329, 0.6579800075955076], [35.04166666666669, 0.658333333333355], [35.0410112169054, 0.6687889946831813], [35.038155449761305, 0.6728776719835285], [35.036743842230926, 0.6909105088975913], [35.01871100531687, 0.6923221164279729], [35.014622328016515, 0.6951778835720703], [35.01225416395402, 0.6964887830946398], [35.00628899468318, 0.6923221164279729], [34.983333333333356, 0.6916666666666882], [34.98243374294707, 0.6881612141927298], [34.9686228434245, 0.6869327121310982], [34.95221048990888, 0.6714006212022783], [34.94778951009117, 0.6702660454644311], [34.9343214246962, 0.657766045464431], [34.9186228434245, 0.6589006212022785], [34.91471048990888, 0.6619327121310978], [34.91028951009117, 0.663067287868945], [34.90625000000002, 0.6661980523003685], [34.902210489908875, 0.663067287868945], [34.8811228434245, 0.6619327121310978], [34.87708333333335, 0.6588019476996743], [34.87157999674481, 0.663067287868945], [34.86028951009117, 0.6619327121310978], [34.85637715657554, 0.6589006212022785], [34.854166666666686, 0.658333333333355], [34.85174221462676, 0.6579800075955076], [34.848257785373285, 0.6545199924045355], [34.84166666666669, 0.6541666666666881], [34.82994333902997, 0.6548865424262367], [34.82916666666669, 0.6625000000000214], [34.81341332329646, 0.6631076388889103], [34.811932712131096, 0.6688771565755425], [34.80890062120228, 0.6727895100911674], [34.80776604546443, 0.6813771565755427], [34.804733954535614, 0.6852895100911676], [34.80359937879776, 0.689710489908876], [34.799604119194896, 0.694865587022591], [34.79226515028214, 0.6967488606771051], [34.791666666666686, 0.7166666666666885]]]}, "properties": {"zone_key": "bas_nzoia_hw", "name": "Nzoia headwaters (Cherangani)", "iso3": "KEN", "hybas_id": 1071128950, "next_down": 1071136610, "area_km2": 5465, "downstream": "bas_nzoia_low", "routing_days": "2-5"}}]}