{"type": "FeatureCollection", "features": [{"type": "Feature", "geometry": {"type": "Polygon", "coordinates": [[[20.264242214626755, -17.253813340928797], [20.235417344835085, -17.225013902452236], [20.19583333333335, -17.22083333333331], [20.112500000000015, -17.241666666666646], [20.103637186686214, -17.21989271375866], [20.11666666666668, -17.17499999999998], [20.086753336588558, -17.136932712131056], [20.061753336588556, -17.15473395453557], [19.999062771267376, -17.12859937879772], [19.97083333333335, -17.162499999999977], [19.892554050021733, -17.165958319769942], [19.871400621202287, -17.1313771565755], [19.879733954535624, -17.09489610460067], [19.862500000000033, -17.066666666666645], [19.86152072482642, -16.99149000379772], [19.797083197699685, -16.983318074544247], [19.715855577256974, -16.892673407660567], [19.673257785373295, -16.916313340928795], [19.651956176757842, -16.907766045464385], [19.628599378797773, -16.859270562065948], [19.64645080566409, -16.792666286892334], [19.61250000000003, -16.774999999999974], [19.63333333333336, -16.724999999999973], [19.61250000000003, -16.679166666666642], [19.642469278971383, -16.621568467881918], [19.68377719455298, -16.609091356065512], [19.661764865451417, -16.56330261230466], [19.637232462565134, -16.557384745279922], [19.66250000000003, -16.51666666666664], [19.617528279622427, -16.491335550943983], [19.61577928331166, -16.434041849772107], [19.55000000000003, -16.41666666666664], [19.55000000000003, -16.38749999999997], [19.57847866482208, -16.361690436469157], [19.587486436631973, -16.3145823160807], [19.528170437283016, -16.275682237413164], [19.479960801866348, -16.270039198133652], [19.470215861002632, -16.247201199001708], [19.509324476454022, -16.209033881293372], [19.553167046441, -16.2131176418728], [19.59050801595055, -16.17905273437497], [19.57083333333336, -16.145833333333304], [19.60354309082034, -16.124090745713946], [19.603558349609404, -16.05096452501082], [19.578728908962702, -16.04704810248478], [19.61276448567711, -15.95530395507811], [19.591666666666697, -15.895833333333318], [19.624311998155413, -15.870023939344602], [19.63407219780819, -15.813379584418385], [19.645833333333364, -15.812499999999982], [19.592269897460966, -15.782313707139739], [19.591666666666697, -15.76666666666665], [19.612932671441, -15.765895250108489], [19.588925170898467, -15.746058146158838], [19.588263617621557, -15.7206098768446], [19.661362711588573, -15.725264485677066], [19.661932712131104, -15.714456176757794], [19.589583333333362, -15.679635281032969], [19.479166666666696, -15.683333333333316], [19.441313340928847, -15.573286946614564], [19.454943169487876, -15.529886542426196], [19.499173651801243, -15.515840318467863], [19.520833333333364, -15.479166666666647], [19.503813340928847, -15.37745361328123], [19.525000000000027, -15.304166666666646], [19.544917805989613, -15.303568183051194], [19.536932712131104, -15.275746663411438], [19.558900621202287, -15.19677056206595], [19.545266045464437, -15.17157999674477], [19.55359937879777, -15.15195617675779], [19.52859937879777, -15.132118394639734], [19.532766045464438, -15.07695617675779], [19.513123575846382, -15.069924248589388], [19.516005452473987, -15.030066257052928], [19.503599378797773, -15.019896104600672], [19.53750000000003, -14.987499999999976], [19.53368699815541, -14.951714070637998], [19.55000000000003, -14.924999999999976], [19.50833333333336, -14.849999999999977], [19.55473395453562, -14.817881605360219], [19.492375013563397, -14.815779283311606], [19.474646674262182, -14.772575547960045], [19.391666666666694, -14.699999999999974], [19.400567287868952, -14.670086669921849], [19.346684095594647, -14.61998240152992], [19.366666666666696, -14.60416666666664], [19.34242011176218, -14.565866767035564], [19.350000000000026, -14.52916666666664], [19.399344211154542, -14.496793111165337], [19.36609937879777, -14.477951727973062], [19.387500000000028, -14.462499999999972], [19.37414923773874, -14.434184265136691], [19.300000000000026, -14.404166666666638], [19.284043036566867, -14.37817823621959], [19.282715861002632, -14.363499620225666], [19.338067287868952, -14.322048272026882], [19.26740553114152, -14.274120246039468], [19.282482571072077, -14.242517598470023], [19.25097724066843, -14.228348117404485], [19.258900621202283, -14.20729929606117], [19.200457763671903, -14.147920905219154], [19.266666666666694, -14.133333333333303], [19.196456909179712, -14.082424079047279], [19.225443861219645, -14.034091356065508], [19.19939507378475, -14.013828701443112], [19.220297580295167, -13.98541276719832], [19.19583333333336, -13.962499999999968], [19.21314290364586, -13.953844875759517], [19.191416422526068, -13.917542182074621], [19.216666666666693, -13.90416666666665], [19.19583333333336, -13.887499999999983], [19.208258734809053, -13.85121256510415], [19.240864054362007, -13.840931532118038], [19.24583333333336, -13.824999999999983], [19.188280232747424, -13.79927673339842], [19.191695827908013, -13.780397881401893], [19.167382473415824, -13.770027669270817], [19.192309570312528, -13.716344875759532], [19.186728583441866, -13.696604749891476], [19.141666666666694, -13.670833333333317], [19.146732923719643, -13.654827880859358], [19.190815904405408, -13.649149237738698], [19.15451999240454, -13.602424452039912], [19.154901801215303, -13.575802612304669], [19.178008015950546, -13.566552734374982], [19.178543090820337, -13.550909084743905], [19.15833333333336, -13.529166666666647], [19.11494988335506, -13.529519992404495], [19.091666666666693, -13.512499999999982], [19.046684095594642, -13.407482571072029], [19.05085076226131, -13.380017428927932], [19.09583333333336, -13.354166666666647], [19.104166666666693, -13.32499999999998], [19.06028951009117, -13.324432712131056], [19.012853325737872, -13.256591118706575], [19.042427232530407, -13.213200208875847], [19.062500000000025, -13.212499999999979], [19.04548000759551, -13.176742214626714], [18.987853325737873, -13.135757785373242], [19.020833333333357, -13.099999999999977], [18.963132731119817, -13.078187730577234], [18.94166666666669, -13.02083333333331], [18.885075547960092, -13.021186659071157], [18.820833333333358, -13.04583333333331], [18.77278951009117, -13.036932712131053], [18.68248240152997, -12.959184095594594], [18.600000000000023, -12.933333333333309], [18.59166666666669, -12.833333333333309], [18.537500000000023, -12.79583333333331], [18.483333333333356, -12.812499999999975], [18.46250000000002, -12.783333333333308], [18.41250000000002, -12.76666666666664], [18.41214667426217, -12.718408881293378], [18.383333333333354, -12.658333333333307], [18.399276394314256, -12.657595147026884], [18.413155449761305, -12.61183268229164], [18.399344550238734, -12.584822421603706], [18.41250000000002, -12.574999999999974], [18.408900621202278, -12.472789510091118], [18.42570851643882, -12.43422071668834], [18.47742445203995, -12.42881334092879], [18.51424221462676, -12.371186659071153], [18.58750000000002, -12.362499999999972], [18.600000000000023, -12.27499999999997], [18.641666666666687, -12.279166666666637], [18.663350931803407, -12.217517598470023], [18.695833333333354, -12.220833333333303], [18.834383646647158, -12.103523932562904], [18.899253336588565, -12.121400621202227], [18.979166666666693, -12.104166666666636], [18.99246453179256, -12.071847534179657], [19.04021877712676, -12.063142734103701], [19.070833333333358, -12.03749999999997], [19.104166666666693, -12.041666666666636], [19.16867302788631, -11.950617641872798], [19.201742214626762, -11.966313340928789], [19.23958333333336, -11.962031216091548], [19.279913330078152, -11.928599378797712], [19.34583333333336, -11.945833333333317], [19.370833333333362, -11.874999999999982], [19.40753919813371, -11.870039198133664], [19.42996927897138, -11.82990180121526], [19.495833333333362, -11.783333333333315], [19.50868665907121, -11.748284233940954], [19.50000000000003, -11.716666666666647], [19.528379652235273, -11.716021389431406], [19.521760728624162, -11.699717203776023], [19.56250000000003, -11.699999999999982], [19.585289510091176, -11.65473395453557], [19.608333333333363, -11.64999999999998], [19.595266045464438, -11.673785061306404], [19.609195285373293, -11.686692301432274], [19.681591118706628, -11.679519992404495], [19.716666666666697, -11.699999999999982], [19.813409084743956, -11.638123575846336], [19.883333333333365, -11.633333333333315], [19.92978430853951, -11.593982950846335], [19.9311731974284, -11.56311747233071], [20.02083333333335, -11.579166666666648], [20.088588290744372, -11.487860446506057], [20.152006530761735, -11.442284138997376], [20.194933742947065, -11.429827880859355], [20.254166666666684, -11.454166666666646], [20.249432712131092, -11.432373725043382], [20.290992906358525, -11.40743679470484], [20.297329033745676, -11.3541798909505], [20.318750000000016, -11.370364718966993], [20.37425333658856, -11.375567287868902], [20.394845241970504, -11.361932712131054], [20.44256625705297, -11.391005452473937], [20.483333333333352, -11.387499999999978], [20.544884745279965, -11.433600870768208], [20.552160135904966, -11.421450805664042], [20.59340888129342, -11.453813340928798], [20.635757785373283, -11.462853325737827], [20.680908881293423, -11.503813340928799], [20.76170586480037, -11.525794135199632], [20.7844921535916, -11.562386067708314], [20.815503438313822, -11.575365871853279], [20.812017991807746, -11.532334052191821], [20.832392544216603, -11.49947035047741], [20.964924452039952, -11.517019992404494], [20.980017428927972, -11.549149237738696], [21.00416666666669, -11.558333333333314], [21.07411261664499, -11.511791653103279], [21.091652764214434, -11.481250678168383], [21.083333333333357, -11.466666666666647], [21.09704827202693, -11.483900621202237], [21.193877156575546, -11.457766045464389], [21.232864040798635, -11.403549194335916], [21.322993638780407, -11.392284138997375], [21.37916666666669, -11.42499999999998], [21.39584655761721, -11.393162367078972], [21.419971042209227, -11.386859469943555], [21.426956176757837, -11.354733954535568], [21.446083577473985, -11.359208848741298], [21.450000000000028, -11.391666666666646], [21.462500000000027, -11.379166666666645], [21.50833333333336, -11.387499999999978], [21.525905693901937, -11.354804484049458], [21.575000000000028, -11.349999999999978], [21.612144639756973, -11.314952935112826], [21.629166666666695, -11.27083333333331], [21.64307420518666, -11.283963690863693], [21.686791653103327, -11.282445949978277], [21.711943223741347, -11.23542310926647], [21.70791829427086, -11.200970119900152], [21.739506361219647, -11.15895080566404], [21.77500000000003, -11.149999999999977], [21.78924221462675, -11.096186659071158], [21.871794976128484, -11.14099934895831], [21.92003072102866, -11.129901801215254], [21.98541666666668, -11.174985419379318], [22.027424452039945, -11.166313340928797], [22.06458333333335, -11.137514580620637], [22.18658057318795, -11.196537611219595], [22.207445949978315, -11.213208346896678], [22.19943271213109, -11.236562771267339], [22.216666666666683, -11.274999999999977], [22.254166666666684, -11.287499999999978], [22.325875515408004, -11.22891642252602], [22.36884579128691, -11.22970513237845], [22.36250000000002, -11.187499999999977], [22.376742214626752, -11.175353325737824], [22.45242445203995, -11.178813340928796], [22.466666666666686, -11.137499999999978], [22.520833333333353, -11.099999999999977], [22.484147474500887, -11.091009860568553], [22.482715691460523, -11.05355088975692], [22.510339864095073, -11.038117472330706], [22.54213578965931, -11.042284138997372], [22.56250000000002, -11.020833333333309], [22.629166666666688, -11.04583333333331], [22.630130852593336, -11.074035644531227], [22.66538560655384, -11.070744832356748], [22.723287116156705, -11.11701999240449], [22.789710489908877, -11.11609937879772], [22.80921308729386, -11.07990553114147], [22.84052954779733, -11.08776448567706], [22.864583333333357, -11.05834791395397], [22.919119940863737, -11.079521009657094], [22.925000000000022, -11.09583333333331], [23.002083333333356, -11.087514580620637], [23.100000000000023, -11.12083333333331], [23.117575751410612, -11.092290242512998], [23.158333333333356, -11.087499999999977], [23.197993638780407, -11.103549194335914], [23.229960801866344, -11.071627468532963], [23.262500000000024, -11.066666666666643], [23.272575547960095, -11.04201999240449], [23.302951727973117, -11.046400621202233], [23.296570163302977, -11.021725802951366], [23.390729437934056, -10.961932712131052], [23.424267578125026, -10.961439683702233], [23.425866699218776, -10.941011216905357], [23.465326605902803, -10.954215833875843], [23.47190721299916, -10.942356024848065], [23.49583333333336, -10.954166666666643], [23.524120415581624, -10.942405531141468], [23.603014797634575, -10.996362982855878], [23.614924452039958, -10.979519992404489], [23.666666666666696, -11.00833333333331], [23.760757785373293, -10.987853325737824], [23.86250000000003, -11.029166666666644], [23.891099378797758, -11.00221048990883], [23.892284817165812, -10.980178833007788], [23.962500000000013, -10.937499999999975], [23.989456176757827, -10.892233954535566], [24.06666666666668, -10.883333333333308], [24.132980007595503, -10.922575547960044], [24.1215048895942, -10.957436455620636], [24.141666666666683, -10.979166666666643], [24.14583333333335, -11.041666666666643], [24.182586669921893, -11.020266045464385], [24.23650224473743, -11.03394368489581], [24.24583333333335, -11.049999999999976], [24.302424452039947, -11.037853325737824], [24.387853325737865, -11.102450900607616], [24.37990536159941, -11.182453748914908], [24.40895097520618, -11.234332953559004], [24.388067287868942, -11.307118394639735], [24.357413906521284, -11.357629055447028], [24.284232923719635, -11.379827880859354], [24.284232923719635, -11.395172119140604], [24.345833333333353, -11.41249999999998], [24.375000000000018, -11.399999999999979], [24.420026312934045, -11.42570563422307], [24.437500000000018, -11.470833333333314], [24.52742445203995, -11.462146674262133], [24.548287116156704, -11.445480007595465], [24.58654022216799, -11.45351087782116], [24.592274136013476, -11.417580159505187], [24.64077928331165, -11.399291653103278], [24.683976067437086, -11.342300415039041], [24.674716695149762, -11.325828721788174], [24.74166666666669, -11.33333333333331], [24.733333333333356, -11.312499999999979], [24.754166666666688, -11.299999999999978], [24.79375000000002, -11.308318752712651], [24.856591118706618, -11.295480007595465], [24.871547105577278, -11.26740553114147], [24.902424452039952, -11.278813340928798], [24.92674221462676, -11.25868665907116], [25.055881076388914, -11.250353325737825], [25.06666666666669, -11.237499999999978], [25.07599962022572, -11.250617472330706], [25.122993638780407, -11.249382527669248], [25.239660305447075, -11.228549194335915], [25.300000000000026, -11.191666666666645], [25.354166666666693, -11.195833333333312], [25.357445949978324, -11.236791653103277], [25.317290242513046, -11.255075751410569], [25.320820109049503, -11.286004299587653], [25.29583333333336, -11.316666666666645], [25.311932712131103, -11.335543823242165], [25.28271586100263, -11.362030707465257], [25.313205634223117, -11.495026312934009], [25.329166666666694, -11.504166666666647], [25.291666666666693, -11.516666666666646], [25.31161261664499, -11.529875013563348], [25.305078803168428, -11.565899997287307], [25.34640062120228, -11.601214938693557], [25.33846774631079, -11.628770616319425], [25.435289510091174, -11.68276604546439], [25.469118923611138, -11.679522026909703], [25.49583333333336, -11.708333333333314], [25.487500000000026, -11.774999999999983], [25.50590888129343, -11.791313340928802], [25.587764485677113, -11.75302937825519], [25.59340888129343, -11.733686659071163], [25.65661994086374, -11.7295210096571], [25.70501742892798, -11.80748257107203], [25.72842780219187, -11.81162041558158], [25.72500000000003, -11.795833333333317], [25.761832682291697, -11.774344550238698], [25.799286905924507, -11.788259548611093], [25.800698852539092, -11.819762505425329], [25.820587497287356, -11.829822116427934], [25.88750000000003, -11.80416666666665], [25.888082207573817, -11.844913397894947], [25.9133509318034, -11.874149237738699], [25.932162136501752, -11.887897406684012], [25.965774197048624, -11.8757368299696], [25.996400621202273, -11.905381605360226], [25.979166666666682, -11.937499999999982], [25.991313340928833, -11.985757785373233], [25.967019992404527, -12.044091118706566], [25.97500000000003, -12.070833333333303], [26.03390062120227, -12.086753336588512], [26.02414906819663, -12.12831573486325], [25.967321438259564, -12.171806335449189], [25.957766045464425, -12.207118394639728], [25.97140062120227, -12.217413330078095], [25.9464569091797, -12.29492407904728], [25.966666666666697, -12.349999999999971], [26.03162044949003, -12.379524230957003], [26.09583333333335, -12.458333333333306], [26.04583333333335, -12.516666666666639], [26.037853325737863, -12.547575547960042], [26.0461876763238, -12.631618414984782], [26.075000000000017, -12.662499999999973], [26.042554050021717, -12.675708516438776], [26.02881266276043, -12.756617906358482], [26.00416666666668, -12.787499999999975], [26.032695685492637, -12.825905693901884], [26.0414020114475, -12.878029378255185], [26.06609937879776, -12.897789510091123], [26.05452050103083, -12.977451239691817], [26.08333333333335, -13.016666666666644], [26.050899759928402, -13.025735473632789], [25.998862711588572, -13.091931152343728], [25.920833333333363, -13.087499999999977], [25.770833333333364, -13.137499999999978], [25.783900621202285, -13.15538160536022], [25.770480007595516, -13.248257785373243], [25.737853325737877, -13.318408881293383], [25.745833333333362, -13.354166666666647], [25.716666666666697, -13.383333333333313], [25.73368665907121, -13.410786946614564], [25.729166666666696, -13.458333333333314], [25.68750000000003, -13.495833333333314], [25.634242418077285, -13.500623575846335], [25.604166666666693, -13.52499999999998], [25.604152764214437, -13.568750678168385], [25.550358072916694, -13.605876329210052], [25.5583187527127, -13.656249999999982], [25.541313340928845, -13.685786946614567], [25.544674682617213, -13.724886067708315], [25.43714667426218, -13.83578287760415], [25.425000000000026, -13.933333333333318], [25.377424452039957, -13.966313340928789], [25.341666666666693, -13.962499999999968], [25.367233954535617, -14.020086669921843], [25.35894097222225, -14.08658667670353], [25.37556728786895, -14.092881605360212], [25.354166666666693, -14.145833333333304], [25.325000000000024, -14.14999999999997], [25.346186659071208, -14.206617736816376], [25.337500000000027, -14.32499999999997], [25.30221048990888, -14.366099378797715], [25.270833333333357, -14.362499999999972], [25.274377780490475, -14.390658399793809], [25.216099378797768, -14.440920003255181], [25.256620279947942, -14.48785332573782], [25.326742214626762, -14.467019992404486], [25.44924587673614, -14.478389824761258], [25.460075547960095, -14.458686659071153], [25.52742445203996, -14.446186659071152], [25.586862182617214, -14.480072360568549], [25.600000000000026, -14.512499999999973], [25.57083333333336, -14.574999999999974], [25.542375013563394, -14.58422071668834], [25.49964667426218, -14.673257785373238], [25.479827880859403, -14.684232923719591], [25.475000000000026, -14.708333333333307], [25.496186659071206, -14.735787116156658], [25.491071573893255, -14.794799804687475], [25.45477430555558, -14.817579989963082], [25.43333333333336, -14.874999999999975], [25.437853325737873, -14.914924452039907], [25.466313340928846, -14.960075547960045], [25.461943562825546, -15.015712822808137], [25.426067776150198, -15.025633409288172], [25.40872938368058, -15.06458333333331], [25.429152086046034, -15.135416666666645], [25.38958333333336, -15.162031385633659], [25.371770562065997, -15.149432712131054], [25.342512342664957, -15.159047444661436], [25.33242763943145, -15.203528849283833], [25.313405693901935, -15.204804484049458], [25.308319430881102, -15.264584011501714], [25.28723551432294, -15.294696044921853], [25.31177096896704, -15.300729031032965], [25.341099378797768, -15.402210489908834], [25.308951822916693, -15.4260060628255], [25.295187717013913, -15.461596340603279], [25.24583333333336, -15.466666666666647], [25.258333333333358, -15.541666666666648], [25.212513224283878, -15.598504299587656], [25.26184455023874, -15.652044338650155], [25.270833333333357, -15.67916666666665], [25.25065578884551, -15.71154005262585], [25.27845831976999, -15.730054050021684], [25.287500000000026, -15.770833333333316], [25.332425944010442, -15.761592610677067], [25.342668660481795, -15.724736870659704], [25.394933742947075, -15.73816121419269], [25.404166666666693, -15.754166666666649], [25.371684095594645, -15.7841840955946], [25.387500000000024, -15.858333333333317], [25.325354003906277, -15.968380398220472], [25.325000000000024, -16.04999999999997], [25.38578694661461, -16.075353325737815], [25.48333333333336, -16.066666666666634], [25.45833333333336, -16.12499999999997], [25.50590888129343, -16.19131334092879], [25.57325778537329, -16.199646674262123], [25.61078694661461, -16.182980007595457], [25.70833333333336, -16.208333333333304], [25.70441691080732, -16.236624484591985], [25.686857096354196, -16.23841552734372], [25.686779446072077, -16.28673383924693], [25.66730957031253, -16.302031622992594], [25.66701999240454, -16.34409111870657], [25.68750000000003, -16.370833333333305], [25.65359937879777, -16.409270562065945], [25.67500000000003, -16.433333333333305], [25.658688354492217, -16.46004621717662], [25.670833333333363, -16.51666666666664], [25.650000000000027, -16.537499999999973], [25.659220716688395, -16.557624816894503], [25.67708333333336, -16.570364549424887], [25.73137715657555, -16.567233954535563], [25.78090888129343, -16.616313340928794], [25.931619940863747, -16.621187845865858], [25.96285332573786, -16.65661773681638], [25.96250000000003, -16.679166666666642], [26.01193271213109, -16.706122843424453], [26.033989291720935, -16.774040222167944], [26.10833333333335, -16.837499999999977], [26.139215935601143, -16.846186659071158], [26.17402699788413, -16.817321438259523], [26.23333333333335, -16.862499999999976], [26.252084350585953, -16.854180230034697], [26.269116550021717, -16.871186659071157], [26.307975260416683, -16.856623670789908], [26.3508995903863, -16.788161214192684], [26.40000000000002, -16.77916666666664], [26.44583333333335, -16.720833333333307], [26.533333333333353, -16.699999999999974], [26.567062547471807, -16.655134412977404], [26.614242214626756, -16.62951999240449], [26.65494333902997, -16.703446790907094], [26.718698289659308, -16.72435726589624], [26.754166666666688, -16.71666666666664], [26.787500000000023, -16.741666666666642], [26.808333333333355, -16.729166666666643], [26.808333333333355, -16.74583333333331], [26.828543090820332, -16.755075920952667], [26.830112881130663, -16.79924146864147], [26.895833333333357, -16.791666666666643], [26.931250000000023, -16.83331875271265], [27.02173292371964, -16.783994547526017], [27.07721048990888, -16.791099378797718], [27.12916666666669, -16.762499999999974], [27.186753336588566, -16.79640062120223], [27.225000000000023, -16.791666666666643], [27.287500000000026, -16.737499999999976], [27.312500000000025, -16.737499999999976], [27.312853325737873, -16.70590888129338], [27.329166666666694, -16.695833333333308], [27.316313340928843, -16.652449883355008], [27.333333333333357, -16.633333333333308], [27.494091118706624, -16.55798000759546], [27.50452236599395, -16.526712205674887], [27.539953613281277, -16.503813340928794], [27.608333333333363, -16.504166666666638], [27.58379211425784, -16.44792938232419], [27.592375013563395, -16.41338738335501], [27.624223497178846, -16.40344679090709], [27.621400621202284, -16.370086669921847], [27.595266045464438, -16.34045172797306], [27.60070834689673, -16.313387383355007], [27.640866427951416, -16.316934712727836], [27.647877671983537, -16.288155449761256], [27.672048272026938, -16.29223395453556], [27.78750000000003, -16.22499999999997], [27.898284233941002, -16.279519992404484], [27.933333333333366, -16.27499999999997], [27.94166666666668, -16.258333333333304], [27.965920003255224, -16.27140062120223], [28.013415696885865, -16.23809848361542], [28.06666666666668, -16.254166666666638], [28.088067287868938, -16.219845241970457], [28.07460276285809, -16.205337863498233], [28.08714667426217, -16.164242214626707], [28.046684265136733, -16.136649068196583], [27.975567287868937, -16.04387715657549], [27.970833333333363, -16.02499999999997], [27.991312832302533, -16.01911943223738], [27.99166666666668, -15.999999999999986], [28.098981221516944, -16.01191474066837], [28.15833333333335, -15.983333333333302], [28.166666666666682, -15.94166666666665], [28.19825778537328, -15.950353325737815], [28.21840888129342, -15.970480007595455], [28.254166666666684, -15.97499999999997], [28.2634716457791, -16.024231804741724], [28.43333333333335, -16.158333333333303], [28.50398932562936, -16.144583638509083], [28.513350931803405, -16.12168426513669], [28.535787116156705, -16.129519992404482], [28.58750000000002, -16.11249999999997], [28.619987657335088, -16.08261939154728], [28.614456176757834, -16.046400621202224], [28.72425333658856, -16.04526604546438], [28.7616890801324, -16.061493259006046], [28.86007554796009, -15.967019992404499], [28.92140062120228, -15.947048272026894], [28.903599378797765, -15.97398817274304], [28.920833333333356, -16.004166666666652], [29.02278951009117, -16.066099378797713], [29.087500000000023, -16.07499999999997], [29.06666666666669, -16.133333333333304], [29.08785332573787, -16.169120449489988], [29.092517428927977, -16.324149068196586], [29.14063652886287, -16.333931816948756], [29.156591118706622, -16.357980007595458], [29.241666666666692, -16.33749999999997], [29.26666666666669, -16.295833333333306], [29.33656277126739, -16.375567287868897], [29.382482571072075, -16.367517598470023], [29.38333333333336, -16.40416666666664], [29.418750000000028, -16.396302117241724], [29.454733954535616, -16.41983574761282], [29.46306728786895, -16.514710489908826], [29.48333333333336, -16.55416666666664], [29.511404758029542, -16.550585089789468], [29.52614271375871, -16.579693433973496], [29.544693671332492, -16.561970520019504], [29.58333333333336, -16.56666666666664], [29.59654168023006, -16.619945949978273], [29.617233954535617, -16.630381605360217], [29.600000000000026, -16.66666666666664], [29.629152086046034, -16.74791666666664], [29.612853325737873, -16.831591118706573], [29.69583333333336, -16.94583333333331], [29.683333333333362, -16.99999999999998], [29.705080159505236, -17.03689236111109], [29.720833333333363, -17.037499999999977], [29.73001742892798, -17.099149237738693], [29.75000000000003, -17.099999999999977], [29.769982571072077, -17.125850762261262], [29.761932712131106, -17.19267849392359], [29.779635281033016, -17.22708333333331], [29.844945949978328, -17.25070834689668], [29.867803955078156, -17.275264485677063], [29.894982571072077, -17.2591840955946], [29.90381334092885, -17.27742445203991], [29.883949957953572, -17.35315890842012], [29.935416666666683, -17.38693847656248], [29.950692070855048, -17.36349351671005], [29.964956834581177, -17.367024739583314], [29.971186659071194, -17.423257785373245], [29.99102901882597, -17.434239027235222], [29.99675360785592, -17.461919487847204], [30.041666666666682, -17.46249999999998], [30.05096774631078, -17.503770616319425], [30.082318962944893, -17.508923678927932], [30.14583333333335, -17.554166666666646], [30.158597988552533, -17.619696044921856], [30.146186659071198, -17.63159111870658], [30.22573513454863, -17.761697387695296], [30.415958150227883, -17.83838738335502], [30.43333333333335, -17.908333333333317], [30.45739610460071, -17.88276604546438], [30.489574517144117, -17.903704833984342], [30.547916666666687, -17.89584791395396], [30.61250000000002, -17.916666666666636], [30.66990898980037, -17.950651041666635], [30.67806650797528, -17.97136281331377], [30.718914964464, -17.95886281331377], [30.79374966091582, -17.99998575846351], [30.845833333333356, -17.991666666666653], [30.850000000000023, -18.004166666666634], [30.97916666666669, -18.012499999999967], [31.044982571072072, -18.067517598470022], [31.045833333333356, -18.09999999999997], [31.136791653103323, -18.142554050021673], [31.16339959038631, -18.195172119140594], [31.208333333333357, -18.220833333333303], [31.238132731119816, -18.28652089436846], [31.256250678168428, -18.299986267089814], [31.29409111870662, -18.292019992404484], [31.333333333333357, -18.316666666666638], [31.270833333333357, -18.39999999999997], [31.18865865071617, -18.441780598958307], [31.14166666666669, -18.54166666666664], [31.12083333333336, -18.545833333333306], [31.104807874891517, -18.575816345214818], [31.092233954535615, -18.63971048990883], [31.14166666666669, -18.69166666666664], [31.136746554904537, -18.73253343370223], [31.116666666666692, -18.737499999999976], [31.120478651258704, -18.777453443739123], [31.079784138997418, -18.835339864095026], [31.083333333333357, -18.916666666666643], [31.046186659071203, -18.968408881293378], [31.045833333333356, -18.99583333333331], [30.970833333333356, -19.074999999999978], [30.969927639431447, -19.14102884928383], [30.9048044840495, -19.184239027235222], [30.89556884765627, -19.240529378255186], [30.912500000000023, -19.25833333333331], [30.86600545247398, -19.315767076280363], [30.80416666666669, -19.324999999999978], [30.76250000000002, -19.295833333333313], [30.728523932562954, -19.334383816189217], [30.73358357747398, -19.37829115125866], [30.71250000000002, -19.38333333333331], [30.635416666666686, -19.366681247287307], [30.58750000000002, -19.379166666666645], [30.56250000000002, -19.36249999999998], [30.53087955051, -19.379519992404493], [30.481249321831616, -19.362513902452235], [30.37257554796009, -19.37464667426213], [30.32412448459203, -19.349749755859353], [30.193750000000016, -19.370364718966993], [30.166666666666682, -19.345833333333314], [30.13131425645618, -19.382702975802932], [30.050819227430573, -19.40491672092012], [30.061806911892376, -19.486734686957448], [30.018685743543852, -19.483963690863696], [29.937500000000014, -19.52499999999998], [29.90242445203996, -19.49618665907116], [29.83578694661461, -19.49618665907116], [29.791666666666696, -19.470833333333314], [29.766666666666694, -19.570833333333315], [29.729166666666696, -19.562499999999982], [29.72500000000003, -19.61666666666665], [29.68750000000003, -19.69166666666665], [29.620833333333362, -19.695833333333315], [29.604166666666693, -19.683333333333316], [29.539242214626764, -19.696186659071163], [29.483686659071207, -19.73507554796005], [29.45868665907121, -19.81424221462672], [29.47083333333336, -19.887499999999985], [29.44914923773874, -19.940815734863246], [29.400000000000027, -19.962499999999963], [29.33838738335506, -19.936791483561162], [29.278193834092907, -19.788154771592865], [29.23333333333336, -19.76666666666665], [29.14673733181426, -19.788144599066822], [29.10312398274742, -19.840963066948767], [29.05910814073353, -19.846572536892346], [29.05833333333336, -19.887499999999985], [29.042335001627627, -19.896782599555085], [29.050264485677108, -19.928029547797273], [28.992435031467036, -19.934304979112376], [28.978364054362004, -19.970098198784687], [28.95060763888891, -19.980079989963073], [28.950000000000024, -19.995833333333298], [28.905908881293424, -20.00451999240448], [28.890815904405404, -20.040815734863248], [28.829522365993945, -20.035045539008213], [28.787500000000023, -20.129166666666634], [28.767271762424066, -20.139493984646233], [28.76602511935766, -20.174018351236946], [28.738221910264777, -20.184505716959602], [28.729166666666686, -20.229166666666632], [28.57500000000002, -20.274999999999967], [28.561932712131096, -20.32425333658851], [28.57119920518665, -20.35300343831377], [28.539583333333354, -20.3577718098958], [28.50625000000002, -20.338061523437467], [28.33090888129342, -20.367019992404483], [28.312500000000018, -20.379166666666634], [28.28333333333335, -20.454166666666637], [28.25833333333335, -20.466666666666637], [28.228135002983958, -20.438090006510386], [28.19251759847007, -20.44081573486325], [28.18714667426217, -20.30590888129337], [28.069933742947065, -20.19232788085934], [27.85097181532121, -20.12423180474172], [27.83276604546444, -20.035289510091133], [27.81728820800784, -20.019923570420993], [27.837146674262183, -19.955908881293386], [27.77573513454864, -19.915864054361965], [27.73334791395402, -19.78541666666665], [27.72500000000003, -19.704166666666648], [27.74964667426218, -19.647575547960052], [27.71702168782555, -19.598286946614564], [27.712500000000027, -19.562499999999982], [27.653029378255237, -19.491402180989564], [27.620833333333362, -19.479166666666647], [27.58395080566409, -19.406326972113696], [27.596248372395863, -19.39486321343314], [27.587500000000027, -19.345833333333314], [27.567306179470513, -19.332359822591126], [27.57526448567711, -19.30113728841144], [27.554166666666696, -19.283333333333314], [27.563260565863743, -19.225700208875846], [27.5868825276693, -19.2145063612196], [27.54653896755645, -19.195026312934004], [27.542228190104193, -19.172916666666644], [27.554733954535617, -19.135289510091123], [27.5743333604601, -19.124049207899283], [27.567128499348986, -19.102092149522548], [27.583597819010443, -19.06136271158852], [27.533686659071208, -18.981591118706575], [27.553813340928848, -18.935075547960047], [27.41601698133683, -18.821863979763428], [27.270833333333357, -18.833333333333307], [27.237500000000026, -18.774999999999974], [27.194953748914955, -18.7382386949327], [27.134072536892386, -18.757558695475236], [27.13261447482641, -18.738538106282526], [27.09663221571183, -18.72449866400822], [27.090749104817732, -18.675590684678795], [26.87204827202693, -18.667233954535565], [26.860416666666687, -18.65463545057506], [26.842803785536045, -18.666931321885826], [26.81250000000002, -18.64166666666664], [26.76424221462676, -18.667019992404487], [26.73843722873266, -18.7130672878689], [26.682396104600716, -18.695266045464383], [26.56887715657554, -18.76609937879772], [26.500000000000018, -18.741666666666642], [26.486649068196634, -18.76164906819659], [26.42708333333335, -18.78331875271265], [26.335075547960088, -18.779519992404488], [26.23333333333335, -18.812499999999975], [26.23748609754776, -18.843750678168377], [26.18649003770618, -18.874404229058136], [26.064951070149753, -18.85798000759546], [25.995833333333348, -18.87916666666664], [25.978372531467045, -18.90337253146699], [25.904166666666697, -18.92083333333331], [25.8791666666667, -18.912499999999977], [25.89609205457902, -18.879980468749977], [25.833087497287355, -18.896488783094593], [25.779166666666697, -18.837499999999977], [25.784297688802113, -18.82179751925996], [25.815846082899334, -18.81221076117619], [25.82980957031253, -18.75508219401039], [25.77742445203996, -18.71285332573782], [25.70776604546444, -18.684079996744767], [25.72982245551218, -18.60929311116534], [25.757978312174508, -18.59828711615666], [25.749291653103327, -18.57588738335501], [25.698043823242216, -18.616099378797717], [25.620833333333362, -18.624999999999975], [25.587500000000027, -18.608333333333306], [25.535543823242215, -18.63693271213105], [25.45485873752173, -18.603322347005182], [25.46733466254343, -18.5258124457465], [25.48380160861548, -18.519070604112386], [25.463204277886312, -18.50334184434676], [25.45538160536027, -18.466099378797715], [25.479166666666693, -18.470833333333307], [25.514242214626762, -18.442019992404486], [25.577424452039956, -18.42881334092879], [25.638145955403672, -18.34273664686412], [25.652951727973118, -18.34640062120223], [25.654166666666693, -18.320833333333304], [25.613154093424505, -18.299019029405354], [25.599735514322944, -18.238637118869327], [25.608333333333363, -18.208333333333304], [25.673043823242217, -18.199432712131046], [25.691666666666695, -18.17916666666664], [25.623285590277806, -18.179519992404483], [25.604166666666693, -18.137499999999985], [25.563110690646727, -18.142603556315073], [25.556591118706624, -18.157980007595455], [25.494091118706624, -18.142019992404485], [25.414570787217908, -18.145374382866724], [25.382440863715303, -18.100736660427486], [25.34583333333336, -18.104166666666636], [25.31164923773874, -18.050850931803353], [25.26445617675784, -18.036932712131044], [25.228206719292558, -18.00482262505422], [24.986763170030404, -17.98688235812714], [24.91466030544707, -18.028549024793804], [24.88279283311634, -18.003561570909255], [24.77406277126738, -18.02026604546438], [24.707750447591167, -18.09074690077037], [24.660289510091165, -18.10056728786889], [24.529166666666686, -18.220833333333303], [24.503225877549934, -18.199470520019503], [24.488258531358525, -18.20927954779728], [24.48750000000002, -18.24166666666664], [24.441666666666684, -18.245833333333305], [24.429166666666685, -18.220833333333303], [24.33823513454863, -18.250802612304657], [24.329166666666683, -18.283333333333303], [24.34165140787762, -18.302916802300317], [24.32083333333335, -18.329166666666637], [24.288488091362865, -18.350567287868895], [24.250990464952274, -18.35061916775171], [24.20342881944446, -18.399224514431396], [24.15833333333335, -18.395833333333304], [24.141666666666683, -18.43749999999997], [24.016099378797758, -18.492881605360218], [24.014710489908868, -18.520266045464382], [23.97287767198352, -18.524344550238688], [23.945892164442288, -18.502898152669243], [23.936741299099406, -18.46771901448565], [23.893750000000015, -18.470205179850232], [23.838546074761297, -18.441570197211345], [23.84191080729168, -18.42583448621959], [23.784104749891522, -18.421604749891465], [23.770337931315133, -18.44912312825518], [23.70511508517798, -18.466399298773844], [23.679052734375027, -18.503007846408394], [23.58333333333336, -18.558333333333305], [23.570061916775202, -18.59089525010848], [23.516666666666694, -18.62916666666664], [23.470847235785616, -18.71458401150171], [23.48333333333336, -18.737499999999976], [23.44583333333336, -18.78333333333331], [23.45415344238284, -18.802670966254315], [23.42154168023006, -18.821720716688343], [23.420094468858533, -18.849120415581574], [23.400000000000027, -18.866666666666642], [23.359548272026935, -18.879733954535567], [23.341666666666693, -18.849999999999977], [23.28333333333336, -18.866666666666642], [23.260543823242212, -18.842233954535565], [23.1762149386936, -18.820266045464386], [23.147368706597245, -18.82859937879772], [23.154733954535615, -18.85679796006942], [23.05900777180992, -18.88001539442272], [23.032523939344642, -18.96181199815536], [22.985339694552973, -18.953549194335913], [22.953350830078147, -18.91731126573348], [22.905381605360265, -18.907766045464385], [22.877092149522593, -18.932871500651018], [22.838307020399327, -18.929872300889734], [22.83053453233509, -18.94645080566404], [22.73814188639325, -18.938341946072025], [22.695511542426235, -18.971476236979143], [22.654241943359395, -18.952832031249976], [22.658976067437088, -18.925915527343726], [22.579166666666687, -18.904166666666644], [22.570833333333354, -18.874999999999975], [22.55245073106556, -18.883686659071156], [22.508333333333354, -18.82916666666664], [22.484248860677102, -18.820190599229576], [22.475741238064256, -18.836753506130616], [22.4533401489258, -18.78832651774086], [22.333970981174062, -18.71576097276473], [22.32083333333335, -18.679166666666642], [22.254431321885868, -18.609470452202665], [22.191666666666684, -18.56666666666664], [22.228813340928838, -18.54409111870657], [22.232565138075103, -18.513471645779052], [22.19905141194663, -18.478899298773843], [22.134548272026926, -18.492233954535564], [22.104179890950537, -18.452670966254313], [22.11170247395835, -18.40485772026907], [22.05513797336156, -18.39098815917966], [22.033044094509563, -18.329987250433998], [21.93528951009116, -18.311932712131046], [21.866734822591177, -18.252972751193546], [21.86689012315541, -18.22159712049693], [21.817508612738745, -18.215587700737817], [21.766666666666694, -18.13749999999997], [21.770833333333364, -18.095833333333303], [21.73750000000003, -18.07499999999997], [21.741666666666696, -18.054166666666635], [21.70833333333336, -18.054166666666635], [21.70773484971791, -18.034249030219154], [21.685543823242217, -18.025567287868892], [21.485075547960097, -17.995480007595454], [21.453947279188395, -17.959252251519064], [21.416666666666693, -17.94583333333332], [21.389924452039956, -17.900353325737832], [21.258333333333358, -17.887499999999985], [21.233083089192732, -17.869957817925332], [21.23333333333336, -17.82916666666665], [21.18325873480905, -17.815454101562484], [21.15416666666669, -17.75416666666665], [21.095833333333356, -17.749999999999982], [21.065864054362002, -17.696568467881928], [21.051175265842037, -17.695134480794252], [21.05354919433596, -17.668673027886268], [21.020833333333357, -17.61666666666665], [20.918698459201412, -17.599357096354147], [20.880173407660614, -17.57067599826387], [20.88358357747398, -17.555042182074633], [20.835455661349847, -17.5339887830946], [20.75915798611113, -17.529822116427933], [20.74493374294707, -17.50066121419269], [20.70637715657554, -17.479733954535572], [20.67916666666669, -17.483333333333313], [20.669124518500453, -17.46285909016925], [20.61458299424915, -17.470819091796855], [20.602453274197067, -17.45035434299043], [20.551956176757834, -17.44526604546439], [20.51150953504776, -17.375619167751715], [20.454166666666687, -17.36249999999998], [20.390817938910608, -17.317341105143207], [20.353430006239165, -17.317284138997376], [20.321456909179705, -17.29492424858939], [20.312500000000018, -17.25833333333331], [20.264242214626755, -17.253813340928797]], [[28.508333333333354, -18.091666666666637], [28.52083333333335, -18.09166666666665], [28.521759711371548, -18.09490695529511], [28.520833333333353, -18.091666666666637], [28.508333333333354, -18.091666666666637]], [[27.466666666666693, -18.04999999999997], [27.466666666636993, -18.049999999095842], [27.46445617675784, -18.049432712131047], [27.466666666666693, -18.04999999999997]], [[25.12083333333336, -14.12083333333332], [25.12083333333336, -14.120833333333303], [25.117561170789955, -14.121604071723059], [25.12083333333336, -14.12083333333332]], [[23.591666666666693, -12.06249999999997], [23.59223395453562, -12.064710489908839], [23.591049194335966, -12.06033986409502], [23.591666666666693, -12.06249999999997]], [[21.79778951009116, -14.578599378797716], [21.80416666666668, -14.57916666666664], [21.804166666666685, -14.579166666666639], [21.79778951009116, -14.578599378797716]], [[21.71666666666668, -17.554166666666646], [21.716666666666697, -17.554166666666646], [21.714242214626747, -17.5538133409288], [21.71666666666668, -17.554166666666646]], [[20.584110005696633, -15.928446790907087], [20.595833333333353, -15.929166666666635], [20.60000000000002, -15.929166666666651], [20.595833333268473, -15.929166665564235], [20.584110005696633, -15.928446790907087]]]}, "properties": {"zone_key": "cat_kariba", "name": "Kariba (upper Zambezi)", "plant": "Kariba North+South ~2.1 GW", "countries": "ZMB,ZWE", "dam_lat": -16.522, "dam_lon": 28.761, "area_km2": 683377, "n_basins": 323, "label_lon": 22.3697, "label_lat": -15.6656}}, {"type": "Feature", "geometry": {"type": "Polygon", "coordinates": [[[26.364242214626753, -16.779519992404488], [26.28575778537328, -16.87048000759546], [26.252084350585953, -16.854180230034697], [26.23333333333335, -16.862499999999976], [26.17402699788413, -16.817321438259523], [26.126742214626752, -16.845480007595462], [26.033989291720935, -16.774040222167944], [26.01193271213109, -16.706122843424453], [25.96250000000003, -16.679166666666642], [25.96285332573786, -16.65661773681638], [25.931619940863747, -16.621187845865858], [25.78090888129343, -16.616313340928794], [25.73137715657555, -16.567233954535563], [25.67708333333336, -16.570364549424887], [25.659220716688395, -16.557624816894503], [25.650000000000027, -16.537499999999973], [25.670833333333363, -16.51666666666664], [25.658688354492217, -16.46004621717662], [25.67500000000003, -16.433333333333305], [25.65359937879777, -16.409270562065945], [25.68750000000003, -16.370833333333305], [25.66701999240454, -16.34409111870657], [25.66730957031253, -16.302031622992594], [25.686779446072077, -16.28673383924693], [25.686857096354196, -16.23841552734372], [25.70441691080732, -16.236624484591985], [25.70833333333336, -16.208333333333304], [25.61078694661461, -16.182980007595457], [25.57325778537329, -16.199646674262123], [25.50590888129343, -16.19131334092879], [25.45833333333336, -16.12499999999997], [25.48333333333336, -16.066666666666634], [25.38578694661461, -16.075353325737815], [25.325000000000024, -16.04999999999997], [25.325354003906277, -15.968380398220472], [25.387500000000024, -15.858333333333317], [25.371684095594645, -15.7841840955946], [25.404166666666693, -15.754166666666649], [25.394933742947075, -15.73816121419269], [25.342668660481795, -15.724736870659704], [25.332425944010442, -15.761592610677067], [25.287500000000026, -15.770833333333316], [25.27845831976999, -15.730054050021684], [25.25065578884551, -15.71154005262585], [25.270833333333357, -15.67916666666665], [25.26184455023874, -15.652044338650155], [25.212513224283878, -15.598504299587656], [25.258333333333358, -15.541666666666648], [25.24583333333336, -15.466666666666647], [25.295187717013913, -15.461596340603279], [25.308951822916693, -15.4260060628255], [25.341099378797768, -15.402210489908834], [25.31177096896704, -15.300729031032965], [25.28723551432294, -15.294696044921853], [25.308319430881102, -15.264584011501714], [25.313405693901935, -15.204804484049458], [25.33242763943145, -15.203528849283833], [25.342512342664957, -15.159047444661436], [25.371770562065997, -15.149432712131054], [25.38958333333336, -15.162031385633659], [25.429152086046034, -15.135416666666645], [25.40872938368058, -15.06458333333331], [25.426067776150198, -15.025633409288172], [25.461943562825546, -15.015712822808137], [25.466313340928846, -14.960075547960045], [25.437853325737873, -14.914924452039907], [25.43333333333336, -14.874999999999975], [25.45477430555558, -14.817579989963082], [25.491071573893255, -14.794799804687475], [25.496186659071206, -14.735787116156658], [25.475000000000026, -14.708333333333307], [25.479827880859403, -14.684232923719591], [25.49964667426218, -14.673257785373238], [25.542375013563394, -14.58422071668834], [25.57083333333336, -14.574999999999974], [25.600000000000026, -14.512499999999973], [25.586862182617214, -14.480072360568549], [25.52742445203996, -14.446186659071152], [25.460075547960095, -14.458686659071153], [25.44924587673614, -14.478389824761258], [25.326742214626762, -14.467019992404486], [25.256620279947942, -14.48785332573782], [25.216099378797768, -14.440920003255181], [25.274377780490475, -14.390658399793809], [25.270833333333357, -14.362499999999972], [25.30221048990888, -14.366099378797715], [25.337500000000027, -14.32499999999997], [25.346186659071208, -14.206617736816376], [25.325000000000024, -14.14999999999997], [25.354166666666693, -14.145833333333304], [25.37556728786895, -14.092881605360212], [25.35894097222225, -14.08658667670353], [25.367233954535617, -14.020086669921843], [25.341666666666693, -13.962499999999968], [25.377424452039957, -13.966313340928789], [25.425000000000026, -13.933333333333318], [25.43714667426218, -13.83578287760415], [25.544674682617213, -13.724886067708315], [25.541313340928845, -13.685786946614567], [25.5583187527127, -13.656249999999982], [25.550358072916694, -13.605876329210052], [25.604152764214437, -13.568750678168385], [25.604166666666693, -13.52499999999998], [25.634242418077285, -13.500623575846335], [25.68750000000003, -13.495833333333314], [25.729166666666696, -13.458333333333314], [25.73368665907121, -13.410786946614564], [25.716666666666697, -13.383333333333313], [25.745833333333362, -13.354166666666647], [25.737853325737877, -13.318408881293383], [25.770480007595516, -13.248257785373243], [25.783900621202285, -13.15538160536022], [25.770833333333364, -13.137499999999978], [25.920833333333363, -13.087499999999977], [25.998862711588572, -13.091931152343728], [26.050899759928402, -13.025735473632789], [26.08333333333335, -13.016666666666644], [26.05452050103083, -12.977451239691817], [26.06609937879776, -12.897789510091123], [26.0414020114475, -12.878029378255185], [26.032695685492637, -12.825905693901884], [26.00416666666668, -12.787499999999975], [26.02881266276043, -12.756617906358482], [26.042554050021717, -12.675708516438776], [26.075000000000017, -12.662499999999973], [26.0461876763238, -12.631618414984782], [26.037853325737863, -12.547575547960042], [26.04583333333335, -12.516666666666639], [26.09583333333335, -12.458333333333306], [26.03162044949003, -12.379524230957003], [25.966666666666697, -12.349999999999971], [25.9464569091797, -12.29492407904728], [25.97140062120227, -12.217413330078095], [25.957766045464425, -12.207118394639728], [25.967321438259564, -12.171806335449189], [26.02414906819663, -12.12831573486325], [26.03390062120227, -12.086753336588512], [25.97500000000003, -12.070833333333303], [25.966666666666683, -12.020833333333302], [25.991313340928833, -11.985757785373233], [25.98333333333335, -11.945833333333317], [26.091666666666683, -11.933333333333316], [26.12008666992189, -11.950567287868893], [26.20833333333335, -11.91666666666665], [26.325000000000017, -11.962499999999968], [26.399407111273888, -11.92824961344398], [26.40000000000002, -11.90416666666665], [26.414924452039948, -11.90451999240448], [26.481620449490038, -11.917021518283388], [26.501742214626756, -11.949646674262121], [26.535757785373285, -11.954519992404482], [26.556241183810783, -11.978704833984343], [26.59375000000002, -11.967135450575055], [26.694119601779533, -11.992020670572884], [26.704166666666687, -12.008333333333303], [26.738459777832052, -11.97148929172089], [26.783333333333353, -11.95416666666665], [26.8186228434245, -11.986932712131045], [26.853505452473982, -11.994933742947017], [26.863714938693597, -11.978599378797712], [26.895172119140646, -11.978267076280366], [26.920833333333356, -11.937499999999982], [26.958333333333357, -11.920833333333317], [26.96702100965714, -11.880880059136267], [27.008686659071202, -11.843381076388871], [27.00416666666669, -11.749999999999982], [27.05416666666669, -11.716666666666647], [27.024646674262176, -11.647549099392343], [27.025850762261307, -11.6091840955946], [27.052083333333357, -11.592135281032967], [27.084079996744816, -11.608900621202238], [27.121770562065997, -11.586932712131057], [27.165767076280407, -11.595172119140607], [27.21495700412329, -11.550358072916648], [27.24583333333336, -11.637499999999982], [27.2244327121311, -11.654913330078106], [27.23286471896704, -11.714583333333316], [27.217128499348984, -11.747907850477413], [27.229790242513047, -11.782424248589392], [27.337500000000027, -11.82916666666665], [27.466666666666693, -11.929166666666635], [27.467021009657145, -12.039953274197018], [27.495266045464437, -12.056122843424449], [27.512500000000028, -12.091666666666637], [27.504166666666695, -12.133333333333303], [27.55327928331166, -12.184041849772106], [27.554166666666696, -12.208333333333304], [27.616666666666696, -12.220833333333303], [27.625655788845513, -12.269873555501274], [27.65833333333336, -12.287499999999971], [27.761854383680586, -12.290763176812037], [27.775917222764786, -12.271426222059432], [27.80000000000003, -12.270833333333304], [27.81666666666668, -12.22499999999997], [27.92916666666668, -12.241666666666637], [27.929804992675795, -12.278349982367592], [27.95895097520618, -12.307864210340682], [27.9561731974284, -12.357715691460475], [27.990797932942723, -12.336882358127141], [28.00416666666668, -12.349999999999971], [28.08333333333335, -12.349999999999971], [28.125000000000014, -12.433333333333305], [28.17083333333335, -12.379166666666638], [28.225000000000016, -12.420833333333306], [28.256243387858092, -12.408889940049885], [28.279166666666683, -12.429166666666639], [28.323257785373283, -12.421186659071154], [28.341666666666683, -12.429166666666639], [28.346832953559044, -12.45478430853947], [28.37426486545141, -12.459135945637993], [28.401742214626754, -12.503813340928792], [28.44583333333335, -12.512499999999973], [28.441099378797762, -12.561285061306396], [28.491666666666685, -12.587499999999974], [28.52915344238283, -12.63541666666664], [28.504166666666684, -12.687499999999975], [28.45833333333335, -12.695833333333308], [28.450000000000017, -12.724999999999975], [28.53750000000002, -12.816666666666642], [28.537853325737867, -12.86075778537324], [28.566666666666684, -12.904166666666644], [28.58750000000002, -12.899999999999975], [28.60898929172094, -12.83429311116534], [28.654166666666686, -12.812499999999975], [28.675794135199673, -12.845039198133655], [28.715680440266947, -12.863217163085913], [28.745833333333355, -12.924999999999976], [28.783333333333353, -12.924999999999976], [28.79619140625002, -12.96495700412324], [28.820833333333354, -12.979166666666643], [28.82567376030818, -13.061603461371504], [28.84223395453561, -13.06788160536022], [28.82500000000002, -13.087499999999977], [28.85381334092884, -13.110075547960047], [28.850000000000023, -13.154166666666644], [28.89909600151912, -13.158977932400152], [28.920124986436655, -13.188387383355014], [28.961932712131098, -13.367413330078104], [28.967575751410614, -13.378543090820292], [28.992233954535614, -13.37204827202689], [28.978458319769988, -13.415779283311611], [28.92916666666669, -13.458333333333314], [28.90625000000002, -13.445847913953973], [28.871970621744815, -13.471097819010398], [28.793408881293423, -13.450353325737828], [28.74223395453561, -13.501956176757794], [28.75776604546443, -13.527210489908835], [28.728547498914953, -13.619842868381058], [28.58750000000002, -13.666666666666648], [28.583333333333353, -13.67916666666665], [28.624937608506965, -13.715266587999114], [28.604723273383264, -13.73125644259981], [28.61320563422311, -13.757526312934012], [28.645116170247416, -13.76765306260849], [28.66250000000002, -13.80416666666665], [28.6423043145074, -13.813405693901892], [28.636932712131095, -13.850746663411442], [28.666666666666686, -13.87916666666665], [28.66250000000002, -13.937499999999968], [28.570833333333354, -13.958333333333302], [28.509041849772153, -13.921720716688336], [28.5033157348633, -13.94081573486325], [28.405054050021718, -13.988208516438771], [28.43714667426217, -14.026742214626704], [28.437500000000018, -14.049999999999969], [28.292327880859393, -14.105066257052922], [28.282766045464427, -14.14045172797306], [28.316313340928836, -14.164242214626706], [28.320480007595503, -14.194091118706567], [28.24910040961373, -14.286838785807262], [28.20833333333335, -14.308333333333305], [28.200000000000017, -14.374999999999972], [28.252210489908872, -14.379733954535562], [28.30195617675783, -14.420266045464382], [28.329166666666683, -14.420833333333306], [28.366666666666685, -14.508333333333306], [28.3508995903863, -14.504827880859349], [28.324216037326405, -14.545078023274712], [28.274732632107224, -14.550948588053359], [28.261649068196633, -14.61998240152992], [28.097575547960083, -14.692019992404488], [28.03750000000003, -14.816666666666642], [28.04243808322484, -14.874228583441816], [28.14778951009116, -14.961932712131052], [28.20833333333335, -14.98333333333331], [28.24583333333335, -14.979166666666643], [28.238155958387605, -15.028206719292513], [28.278279283311647, -15.038208346896678], [28.295833333333352, -15.066666666666643], [28.291666666666686, -15.087499999999977], [28.27161017523873, -15.092420789930532], [28.266666666666683, -15.154166666666644], [28.304166666666685, -15.166666666666645], [28.30786454942493, -15.214583333333312], [28.29939253065323, -15.25741984049477], [28.271400621202275, -15.281122843424459], [28.29201999240453, -15.327453613281229], [28.262858072916686, -15.414957004123243], [28.306591118706613, -15.417019992404494], [28.385289510091162, -15.478599378797723], [28.47500000000002, -15.504166666666647], [28.483333333333352, -15.53749999999998], [28.591666666666686, -15.529166666666647], [28.613658820258266, -15.566552734374982], [28.657665337456617, -15.584145779079842], [28.663390435112866, -15.607636515299461], [28.72177056206599, -15.616099378797724], [28.75089636908639, -15.645159573025156], [28.777210489908875, -15.638067287868905], [28.845833333333356, -15.670833333333317], [28.82566121419273, -15.749100409613698], [28.878599378797766, -15.785289510091129], [28.87535332573787, -15.848257785373248], [28.892233954535612, -15.867881605360227], [28.896535915798633, -15.924066840277762], [28.91666666666669, -15.945833333333319], [28.86007554796009, -15.967019992404499], [28.7616890801324, -16.061493259006046], [28.72425333658856, -16.04526604546438], [28.614456176757834, -16.046400621202224], [28.619987657335088, -16.08261939154728], [28.58750000000002, -16.11249999999997], [28.535787116156705, -16.129519992404482], [28.513350931803405, -16.12168426513669], [28.50398932562936, -16.144583638509083], [28.43333333333335, -16.158333333333303], [28.2634716457791, -16.024231804741724], [28.254166666666684, -15.97499999999997], [28.21840888129342, -15.970480007595455], [28.19825778537328, -15.950353325737815], [28.166666666666682, -15.94166666666665], [28.15833333333335, -15.983333333333302], [28.098981221516944, -16.01191474066837], [27.99166666666668, -15.999999999999986], [27.991312832302533, -16.01911943223738], [27.970833333333363, -16.02499999999997], [27.975567287868937, -16.04387715657549], [28.046684265136733, -16.136649068196583], [28.08714667426217, -16.164242214626707], [28.07460276285809, -16.205337863498233], [28.088067287868938, -16.219845241970457], [28.06666666666668, -16.254166666666638], [28.013415696885865, -16.23809848361542], [27.965920003255224, -16.27140062120223], [27.94166666666668, -16.258333333333304], [27.933333333333366, -16.27499999999997], [27.898284233941002, -16.279519992404484], [27.78750000000003, -16.22499999999997], [27.672048272026938, -16.29223395453556], [27.647877671983537, -16.288155449761256], [27.640866427951416, -16.316934712727836], [27.60070834689673, -16.313387383355007], [27.595266045464438, -16.34045172797306], [27.621400621202284, -16.370086669921847], [27.624223497178846, -16.40344679090709], [27.592375013563395, -16.41338738335501], [27.58379211425784, -16.44792938232419], [27.608333333333363, -16.504166666666638], [27.539953613281277, -16.503813340928794], [27.50452236599395, -16.526712205674887], [27.494091118706624, -16.55798000759546], [27.333333333333357, -16.633333333333308], [27.316313340928843, -16.652449883355008], [27.329166666666694, -16.695833333333308], [27.312853325737873, -16.70590888129338], [27.312500000000025, -16.737499999999976], [27.287500000000026, -16.737499999999976], [27.225000000000023, -16.791666666666643], [27.186753336588566, -16.79640062120223], [27.12916666666669, -16.762499999999974], [27.07721048990888, -16.791099378797718], [27.02173292371964, -16.783994547526017], [26.931250000000023, -16.83331875271265], [26.895833333333357, -16.791666666666643], [26.830112881130663, -16.79924146864147], [26.828543090820332, -16.755075920952667], [26.808333333333355, -16.74583333333331], [26.808333333333355, -16.729166666666643], [26.787500000000023, -16.741666666666642], [26.754166666666688, -16.71666666666664], [26.718698289659308, -16.72435726589624], [26.65494333902997, -16.703446790907094], [26.621499294704883, -16.65727929009329], [26.62083333333335, -16.62916666666664], [26.567062547471807, -16.655134412977404], [26.533333333333353, -16.699999999999974], [26.44583333333335, -16.720833333333307], [26.40000000000002, -16.77916666666664], [26.364242214626753, -16.779519992404488]], [[26.104166666666682, -15.487499999999981], [26.08219621446399, -15.529431152343731], [26.033979458279095, -15.534403143988696], [26.000000000000032, -15.624999999999982], [26.021667819552967, -15.583089192708314], [26.07058749728734, -15.588155449761267], [26.096488783094635, -15.563222588433142], [26.104166666666682, -15.487499999999981]]]}, "properties": {"zone_key": "cat_kafue", "name": "Kafue (Itezhi-Tezhi / Gorge)", "plant": "Kafue Gorge ~1.6 GW", "countries": "ZMB", "dam_lat": -15.8, "dam_lon": 28.417, "area_km2": 156514, "n_basins": 73, "label_lon": 26.8116, "label_lat": -14.2467}}, {"type": "Feature", "geometry": {"type": "Polygon", "coordinates": [[[30.14943271213109, -17.560289510091128], [30.082318962944893, -17.508923678927932], [30.05096774631078, -17.503770616319425], [30.041666666666682, -17.46249999999998], [29.99675360785592, -17.461919487847204], [29.99102901882597, -17.434239027235222], [29.971186659071194, -17.423257785373245], [29.964956834581177, -17.367024739583314], [29.950692070855048, -17.36349351671005], [29.935416666666683, -17.38693847656248], [29.883949957953572, -17.35315890842012], [29.90381334092885, -17.27742445203991], [29.894982571072077, -17.2591840955946], [29.867803955078156, -17.275264485677063], [29.844945949978328, -17.25070834689668], [29.779635281033016, -17.22708333333331], [29.761932712131106, -17.19267849392359], [29.769982571072077, -17.125850762261262], [29.75000000000003, -17.099999999999977], [29.73001742892798, -17.099149237738693], [29.720833333333363, -17.037499999999977], [29.705080159505236, -17.03689236111109], [29.683333333333362, -16.99999999999998], [29.69583333333336, -16.94583333333331], [29.612853325737873, -16.831591118706573], [29.629152086046034, -16.74791666666664], [29.600000000000026, -16.66666666666664], [29.617233954535617, -16.630381605360217], [29.59654168023006, -16.619945949978273], [29.58333333333336, -16.56666666666664], [29.544693671332492, -16.561970520019504], [29.52614271375871, -16.579693433973496], [29.511404758029542, -16.550585089789468], [29.48333333333336, -16.55416666666664], [29.46306728786895, -16.514710489908826], [29.454733954535616, -16.41983574761282], [29.418750000000028, -16.396302117241724], [29.38333333333336, -16.40416666666664], [29.382482571072075, -16.367517598470023], [29.33656277126739, -16.375567287868897], [29.26666666666669, -16.295833333333306], [29.241666666666692, -16.33749999999997], [29.156591118706622, -16.357980007595458], [29.14063652886287, -16.333931816948756], [29.092517428927977, -16.324149068196586], [29.08785332573787, -16.169120449489988], [29.06666666666669, -16.133333333333304], [29.087500000000023, -16.07499999999997], [29.05833333333336, -16.062499999999986], [29.036753336588564, -16.071400621202226], [28.980017428927972, -16.044982401529918], [28.90473395453561, -15.981377156575505], [28.92140062120228, -15.947048272026894], [28.896535915798633, -15.924066840277762], [28.892233954535612, -15.867881605360227], [28.87535332573787, -15.848257785373248], [28.878599378797766, -15.785289510091129], [28.82566121419273, -15.749100409613698], [28.845833333333356, -15.670833333333317], [28.777210489908875, -15.638067287868905], [28.75089636908639, -15.645159573025156], [28.72177056206599, -15.616099378797724], [28.663390435112866, -15.607636515299461], [28.657665337456617, -15.584145779079842], [28.613658820258266, -15.566552734374982], [28.591666666666686, -15.529166666666647], [28.483333333333352, -15.53749999999998], [28.47500000000002, -15.504166666666647], [28.385289510091162, -15.478599378797723], [28.306591118706613, -15.417019992404494], [28.262858072916686, -15.414957004123243], [28.29201999240453, -15.327453613281229], [28.271400621202275, -15.281122843424459], [28.29939253065323, -15.25741984049477], [28.30786454942493, -15.214583333333312], [28.304166666666685, -15.166666666666645], [28.266666666666683, -15.154166666666644], [28.27161017523873, -15.092420789930532], [28.291666666666686, -15.087499999999977], [28.295833333333352, -15.066666666666643], [28.278279283311647, -15.038208346896678], [28.238155958387605, -15.028206719292513], [28.24583333333335, -14.979166666666643], [28.20833333333335, -14.98333333333331], [28.14778951009116, -14.961932712131052], [28.04243808322484, -14.874228583441816], [28.03750000000003, -14.816666666666642], [28.097575547960083, -14.692019992404488], [28.261649068196633, -14.61998240152992], [28.274732632107224, -14.550948588053359], [28.324216037326405, -14.545078023274712], [28.3508995903863, -14.504827880859349], [28.366666666666685, -14.508333333333306], [28.329166666666683, -14.420833333333306], [28.30195617675783, -14.420266045464382], [28.252210489908872, -14.379733954535562], [28.2008995903863, -14.37850545247393], [28.20833333333335, -14.308333333333305], [28.24910040961373, -14.286838785807262], [28.320480007595503, -14.194091118706567], [28.316313340928836, -14.164242214626706], [28.282766045464427, -14.14045172797306], [28.292327880859393, -14.105066257052922], [28.437500000000018, -14.049999999999969], [28.43714667426217, -14.026742214626704], [28.405054050021718, -13.988208516438771], [28.5033157348633, -13.94081573486325], [28.512500000000017, -13.920833333333302], [28.570833333333354, -13.958333333333302], [28.66250000000002, -13.937499999999968], [28.666666666666686, -13.87916666666665], [28.636932712131095, -13.850746663411442], [28.6423043145074, -13.813405693901892], [28.66188235812719, -13.8020063612196], [28.645116170247416, -13.76765306260849], [28.61320563422311, -13.757526312934012], [28.604723273383264, -13.73125644259981], [28.624937608506965, -13.715266587999114], [28.620215691460523, -13.7020063612196], [28.5836866590712, -13.676742214626717], [28.728547498914953, -13.619842868381058], [28.75776604546443, -13.527210489908835], [28.74223395453561, -13.501956176757794], [28.793408881293423, -13.450353325737828], [28.871970621744815, -13.471097819010398], [28.90625000000002, -13.445847913953973], [28.92916666666669, -13.458333333333314], [28.983333333333356, -13.39999999999998], [29.009434000651066, -13.421347045898418], [29.125000000000025, -13.370833333333312], [29.150000000000023, -13.379166666666647], [29.18333333333336, -13.44999999999998], [29.218408881293428, -13.408686659071162], [29.298043823242214, -13.37026604546439], [29.31666666666669, -13.337499999999979], [29.354166666666693, -13.354166666666647], [29.362500000000026, -13.320833333333312], [29.389592149522596, -13.328704833984354], [29.44914923773874, -13.307482571072027], [29.52695617675784, -13.229733954535568], [29.587500000000027, -13.204166666666644], [29.591666666666693, -13.220833333333312], [29.63125000000003, -13.241198052300327], [29.653420003255235, -13.228599378797721], [29.674432712131104, -13.239456176757791], [29.670833333333363, -13.279166666666645], [29.6493825276693, -13.300469292534702], [29.64919738769534, -13.349264865451369], [29.60932685004343, -13.359025404188348], [29.61250000000003, -13.408333333333314], [29.643408881293432, -13.437146674262133], [29.67425333658857, -13.428599378797724], [29.717881605360272, -13.458900621202238], [29.774253336588572, -13.43276604546439], [29.80637715657555, -13.449432712131056], [29.88293728298614, -13.399032253689215], [29.8923750135634, -13.371720716688348], [29.945833333333365, -13.329166666666646], [29.99166666666668, -13.329166666666646], [30.062500000000014, -13.291666666666647], [30.079166666666683, -13.266666666666646], [30.16149732801651, -13.27017347547741], [30.195096672905834, -13.24938252766925], [30.228697543674063, -13.271450805664042], [30.279166666666683, -13.270833333333313], [30.34648929172094, -13.142626614040775], [30.38276604546443, -13.118877156575499], [30.396186659071198, -13.076742214626714], [30.44251759847007, -13.021684095594594], [30.47500000000002, -13.016666666666644], [30.50195617675783, -13.06609937879772], [30.54925333658856, -13.061932712131053], [30.5732855902778, -13.087853325737825], [30.608333333333352, -13.08333333333331], [30.649641927083355, -13.056623670789907], [30.65000000000002, -13.024999999999977], [30.670480007595508, -12.99825778537324], [30.641666666666687, -12.962499999999977], [30.714924452039952, -12.937146674262129], [30.727452256944467, -12.916313340928795], [30.78159111870662, -12.908686659071156], [30.862500000000022, -12.949999999999976], [30.879166666666688, -12.929166666666642], [30.866023763020856, -12.903844875759525], [30.879772949218772, -12.868749999999975], [30.899314371744815, -12.857553100585914], [30.900641208224847, -12.804983011881486], [30.920833333333356, -12.79583333333331], [30.941666666666688, -12.729166666666641], [30.986723497178843, -12.724280124240426], [31.01179640028214, -12.698957316080703], [31.01313849555124, -12.580154588487387], [31.04166666666669, -12.545833333333306], [31.045833333333356, -12.495833333333305], [31.078813340928843, -12.460757785373236], [31.112500000000026, -12.316666666666638], [31.199253336588566, -12.25776604546438], [31.243877156575547, -12.266099378797714], [31.300000000000026, -12.23749999999997], [31.305017428927975, -12.080017598470022], [31.357723999023463, -12.053297424316376], [31.35833333333336, -12.037499999999984], [31.39674886067711, -12.033976067437035], [31.437500000000025, -11.995833333333302], [31.45029669867624, -11.959439765082434], [31.470079888237873, -11.953366767035558], [31.45771586100263, -11.870364210340679], [31.504166666666695, -11.799999999999983], [31.56214667426218, -11.748257785373246], [31.57083333333336, -11.724999999999982], [31.55490553114152, -11.696712917751718], [31.62020060221357, -11.644854397243904], [31.629166666666695, -11.608333333333313], [31.608333333333363, -11.595833333333314], [31.621188693576418, -11.539213731553799], [31.63333333333336, -11.529166666666647], [31.670086669921904, -11.554733954535571], [31.711753336588572, -11.541099378797723], [31.73124525282121, -11.566201443142342], [31.745480007595514, -11.556591118706578], [31.74223395453562, -11.522789510091126], [31.770172119140653, -11.511600409613695], [31.77026604546444, -11.460289510091126], [31.746422322591176, -11.449081759982619], [31.741049194335965, -11.39506598578557], [31.786764865451417, -11.374197387695292], [31.812141927083363, -11.33162367078991], [31.82973395453562, -11.206122843424456], [31.920833333333363, -11.10833333333331], [32.01189592149524, -11.040663655598934], [32.0579800075955, -10.969091118706572], [32.07083333333335, -10.924999999999976], [32.03785332573786, -10.885757785373238], [32.04536454942493, -10.847916666666642], [32.024432712131095, -10.809079996744765], [32.05833333333335, -10.724999999999973], [32.141270785861565, -10.657365587022543], [32.159253099229616, -10.621416219075494], [32.19778951009116, -10.600567287868897], [32.26445617675783, -10.645266045464382], [32.28578321668839, -10.628813340928792], [32.30632680257163, -10.636882358127142], [32.375000000000014, -10.570833333333306], [32.37083333333335, -10.54166666666664], [32.424645487467465, -10.510786777072454], [32.42599046495228, -10.471452501085041], [32.473862881130664, -10.475264655219156], [32.52026604546443, -10.418877156575492], [32.54619140625002, -10.35587649875214], [32.57009921603735, -10.349119059244762], [32.561932712131096, -10.320086669921846], [32.595364549424936, -10.264583333333302], [32.58750000000002, -10.195833333333303], [32.65000000000002, -10.18749999999997], [32.7244327121311, -10.064710489908823], [32.72535332573787, -10.00174221462672], [32.74166666666669, -9.974999999999984], [32.71631334092884, -9.898284233940956], [32.72951999240453, -9.851742214626718], [32.757979159885004, -9.83161824544269], [32.76666666666669, -9.774999999999983], [32.84072943793405, -9.720266045464392], [32.90833333333335, -9.758333333333315], [32.98430107964412, -9.675396050347203], [33.02083333333336, -9.670833333333315], [33.05369737413197, -9.620215861002585], [33.10000000000002, -9.679166666666648], [33.121400621202284, -9.636285061306404], [33.11738077799482, -9.596679009331577], [33.15833333333336, -9.612499999999981], [33.1990909152561, -9.600623575846335], [33.22083333333336, -9.616666666666648], [33.23298000759551, -9.655908881293383], [33.23422071668839, -9.749291653103281], [33.327424452039956, -9.783686659071163], [33.374541219075546, -9.864570787217865], [33.37916666666669, -9.91666666666665], [33.35035332573787, -9.93924221462672], [33.32951999240454, -10.073257785373233], [33.35507846408423, -10.099385748969153], [33.39494594997832, -10.104875183105438], [33.44166666666669, -10.16249999999997], [33.50821940104169, -10.184492153591549], [33.54248080783423, -10.232676527235213], [33.56250000000003, -10.233333333333302], [33.53750000000003, -10.291666666666636], [33.57500000000003, -10.437499999999972], [33.638117472330755, -10.459701199001707], [33.63271586100263, -10.491197543674017], [33.650971815321206, -10.524231804741726], [33.67429436577694, -10.529973687065944], [33.685416327582494, -10.574985758463514], [33.708333333333364, -10.570833333333306], [33.62083333333336, -10.66666666666664], [33.60734524197051, -10.657766045464383], [33.592570326063395, -10.671479119194851], [33.55331590440541, -10.732482401529921], [33.538637288411486, -10.733068678114122], [33.532445949978325, -10.765958150227839], [33.48005405002173, -10.792375183105444], [33.46250000000003, -10.820833333333308], [33.3950866699219, -10.81193271213105], [33.33528951009117, -10.842233954535565], [33.31054382324221, -10.874432712131052], [33.262500000000024, -10.866666666666642], [33.25035332573787, -10.893408881293379], [33.2512149386936, -10.908900621202232], [33.27500000000003, -10.899999999999975], [33.31723395453562, -10.940678575303796], [33.295833333333356, -10.999999999999975], [33.32021925184464, -11.017578464084178], [33.33333333333336, -11.066666666666643], [33.3744327121311, -11.101956176757788], [33.38423902723527, -11.141028849283831], [33.408900621202285, -11.153420003255185], [33.34166666666669, -11.312499999999979], [33.31328497992624, -11.334110175238694], [33.31666666666669, -11.358333333333313], [33.29166666666669, -11.370833333333312], [33.30026448567711, -11.43636271158852], [33.271743096245686, -11.4410451253255], [33.237500000000026, -11.420833333333313], [33.25381198459204, -11.531618923611092], [33.224646674262175, -11.560784233940952], [33.22500000000002, -11.58749999999998], [33.27325778537329, -11.579519992404494], [33.31631334092884, -11.601742214626716], [33.31251390245228, -11.735417344835051], [33.333686659071205, -11.785784233940955], [33.33298000759551, -11.827424452039914], [33.30416666666669, -11.86666666666665], [33.325000000000024, -11.89166666666665], [33.316099378797766, -11.985543823242171], [33.27500000000003, -12.066666666666636], [33.25833333333336, -12.145833333333304], [33.31250000000003, -12.170833333333304], [33.31250000000003, -12.245833333333303], [33.366005452473985, -12.317566257052922], [33.366666666666696, -12.345833333333305], [33.419091118706625, -12.34131334092879], [33.43750000000003, -12.316666666666638], [33.4512149386936, -12.329733954535563], [33.477670966254365, -12.320846557617159], [33.48945617675784, -12.336932712131048], [33.54166666666669, -12.341666666666638], [33.54939609103735, -12.373996988932262], [33.50326707628041, -12.411838785807264], [33.47083333333336, -12.41666666666664], [33.478522067599854, -12.46159617106117], [33.45612284342451, -12.463067287868896], [33.41250000000002, -12.524999999999974], [33.36471048990888, -12.557766045464383], [33.31875881618926, -12.525461832682264], [33.260543823242216, -12.557766045464383], [33.22916666666669, -12.558333333333307], [33.220477973090304, -12.594119432237386], [33.18159111870662, -12.637146674262127], [33.183686659071206, -12.610785590277752], [33.160757785373285, -12.596186659071154], [33.11078694661461, -12.61285332573782], [33.08750000000002, -12.59166666666664], [33.05416666666669, -12.608333333333306], [33.02083333333336, -12.649999999999974], [32.999367268880235, -12.724020894368465], [32.94201999240454, -12.772575547960045], [32.950000000000024, -12.849999999999977], [32.977006361219644, -12.88271586100258], [33.02002393934464, -12.888188001844593], [33.02916666666669, -12.90833333333331], [32.97951999240453, -13.089242214626713], [32.97952541775176, -13.160789320203971], [33.01569892035592, -13.216270616319424], [32.95085076226131, -13.267517428927931], [32.92047526041669, -13.423290337456578], [32.881377156575546, -13.461932712131057], [32.85000000000002, -13.46249999999998], [32.85000000000002, -13.516666666666648], [32.823257785373286, -13.5413133409288], [32.7686228434245, -13.554733954535571], [32.748043823242206, -13.58276604546439], [32.69661017523874, -13.57161831325953], [32.68689490424264, -13.592207166883663], [32.691666666666684, -13.624999999999982], [32.71765289306643, -13.64094950358071], [32.80538160536027, -13.636932712131058], [32.80124969482424, -13.674822658962656], [32.840815734863305, -13.6966840955946], [32.84474826388891, -13.7243937174479], [32.808729214138474, -13.730134412977414], [32.7074176364475, -13.8285681830512], [32.659868706597244, -13.837534247504323], [32.6311228434245, -13.813067287868908], [32.60659111870662, -13.891313340928804], [32.51912044949004, -13.887853325737831], [32.47674221462675, -13.862146674262137], [32.47083333333335, -13.84166666666665], [32.43675333658856, -13.875567287868908], [32.415679592556444, -13.84645657009547], [32.395086669921895, -13.845266045464394], [32.339635043674065, -13.878523763020818], [32.30494130452476, -13.879905870225677], [32.29583333333335, -13.904166666666635], [32.210289510091165, -13.908900621202225], [32.17501322428387, -13.955662367078961], [32.17916666666668, -13.991666666666635], [32.15416666666668, -14.008333333333303], [32.12408057318795, -13.950704277886253], [32.07566121419272, -13.946732923719587], [32.04583333333336, -14.074999999999969], [31.960289510091176, -14.079733954535559], [31.932355753580758, -14.116017150878875], [31.88750000000003, -14.108333333333302], [31.86994594997833, -14.153458150227834], [31.821732923719647, -14.171494547526011], [31.81250000000003, -14.216666666666637], [31.76175333658857, -14.211932712131047], [31.728178575303847, -14.233900621202228], [31.705908881293432, -14.22118665907115], [31.670833333333363, -14.279166666666637], [31.640920003255236, -14.274432712131048], [31.550000000000026, -14.32499999999997], [31.550000000000026, -14.362499999999972], [31.509184095594645, -14.396684265136692], [31.50833333333336, -14.433333333333305], [31.471452501085096, -14.455157131618897], [31.47394544813371, -14.520146857367594], [31.412500000000026, -14.562499999999973], [31.466666666666693, -14.608333333333306], [31.544913736979193, -14.629870944552925], [31.60590888129343, -14.691313340928794], [31.66581590440541, -14.705017598470027], [31.71631334092885, -14.768408881293379], [31.704166666666694, -14.804166666666642], [31.75000000000003, -14.816666666666642], [31.779784138997424, -14.861763170030358], [31.784068467881973, -14.899197387695288], [31.891313340928832, -14.951742214626712], [31.86250000000003, -15.091666666666644], [31.891666666666698, -15.133333333333312], [31.933333333333348, -15.129166666666645], [31.925951470269112, -15.199352349175326], [31.98183763292102, -15.220820109049457], [32.02500000000001, -15.204166666666644], [32.083083089192726, -15.274124484591994], [32.14508666992189, -15.288067287868902], [32.197916666666686, -15.25880194769963], [32.23333333333335, -15.274999999999979], [32.24886288113066, -15.262235514322896], [32.29409111870662, -15.271186659071159], [32.316666666666684, -15.291666666666647], [32.399091932508696, -15.288127983940951], [32.412500000000016, -15.304166666666646], [32.484270562065994, -15.29526604546439], [32.52157999674481, -15.333900621202236], [32.55302954779733, -15.312235514322897], [32.589456176757835, -15.38276604546439], [32.60954827202693, -15.396400621202236], [32.66096954345705, -15.383373684353279], [32.68528951009117, -15.416099378797723], [32.78750000000002, -15.416666666666647], [32.795833333333356, -15.395833333333313], [32.81250000000002, -15.395833333333313], [32.887500000000024, -15.441666666666647], [32.900567287868945, -15.469896104600675], [32.88806728786894, -15.4938771565755], [32.90833333333335, -15.508333333333315], [32.90000000000002, -15.549999999999981], [32.93125000000002, -15.546301947699634], [32.987500000000026, -15.583333333333314], [32.953523763020854, -15.618114556206578], [32.979416910807316, -15.634208848741302], [32.97500000000002, -15.645833333333314], [32.93038160536027, -15.64640062120224], [32.90833333333335, -15.612499999999981], [32.86994594997832, -15.64929165310328], [32.825000000000024, -15.654166666666649], [32.819091118706616, -15.674646674262135], [32.760757785373286, -15.703813340928802], [32.70950842963327, -15.674587334526892], [32.682586669921896, -15.688067287868906], [32.629166666666684, -15.662499999999982], [32.6204800075955, -15.7191202799479], [32.64583333333336, -15.80416666666665], [32.629166666666684, -15.945833333333319], [32.59340888129342, -15.953813340928788], [32.57500000000002, -15.937499999999984], [32.502210489908876, -15.966099378797711], [32.47257554796009, -15.962853325737816], [32.44256625705297, -15.98399454752601], [32.445833333333354, -16.016666666666637], [32.40482262505427, -16.038459777832], [32.399432712131095, -16.060543823242156], [32.33031022813587, -16.12545403374563], [32.33333333333335, -16.141666666666637], [32.25501759847007, -16.15501759847002], [32.21312357584637, -16.18007592095266], [32.21589406331382, -16.21161363389754], [32.16075778537328, -16.179519992404483], [32.118749321831615, -16.20415276421438], [32.09337955051, -16.187146674262124], [32.060787116156696, -16.204519992404485], [32.01250000000002, -16.19999999999997], [31.967554050021715, -16.234041849772105], [31.950623575846368, -16.27174258761933], [31.936791483561212, -16.457445949978272], [31.839456176757842, -16.474432712131048], [31.829166666666698, -16.44999999999997], [31.80000000000003, -16.43749999999997], [31.697789510091173, -16.429733954535564], [31.641402180989612, -16.50113711886933], [31.637500000000028, -16.537499999999973], [31.577092149522596, -16.49212849934893], [31.54925333658857, -16.48693271213105], [31.53333333333336, -16.508333333333304], [31.501742214626763, -16.50798000759546], [31.44583333333336, -16.49166666666664], [31.432373385959227, -16.471489291720893], [31.381250000000026, -16.466681247287298], [31.301742214626763, -16.467019992404488], [31.28333333333336, -16.49166666666664], [31.25416666666669, -16.487499999999972], [31.200959947374155, -16.508989291720894], [31.192401801215304, -16.52836405436195], [31.211819458007838, -16.582522752549885], [31.182937282986135, -16.632365587022544], [31.150000000000023, -16.637499999999974], [31.15348036024308, -16.69499409993487], [31.07916666666669, -16.758333333333308], [31.08298000759551, -16.789924452039905], [31.06249864366322, -16.827099270290773], [31.082111952039956, -16.83303103976777], [31.07411261664499, -16.85762498643661], [31.020833333333357, -16.883333333333308], [31.007624986436653, -16.936612616644943], [30.92084655761721, -16.972329033745638], [30.925567287868947, -17.023785061306402], [30.892375013563388, -17.038387383355012], [30.88750000000002, -17.05833333333331], [30.84916178385419, -17.090968153211783], [30.816197543674065, -17.078549194335913], [30.792517598470074, -17.088350762261264], [30.76630893283422, -17.13995496961803], [30.691666666666688, -17.204166666666644], [30.683333333333355, -17.266666666666644], [30.737146674262174, -17.29340888129338], [30.763067287868946, -17.34925333658852], [30.741099378797763, -17.365707058376717], [30.74166666666669, -17.429166666666646], [30.81185726589629, -17.522865125868037], [30.79166666666669, -17.558333333333316], [30.82535807291669, -17.64829033745658], [30.891666666666687, -17.654166666666647], [30.922575547960093, -17.682980007595468], [31.00000000000002, -17.67916666666665], [31.06989610460072, -17.713067287868906], [31.108333333333356, -17.69999999999998], [31.117233954535614, -17.711562771267342], [31.0869327121311, -17.761753336588523], [31.092021687825543, -17.789953613281234], [31.172575547960093, -17.82048000759547], [31.208333333333357, -17.81666666666665], [31.249253336588566, -17.86306728786891], [31.30320671929256, -17.871489122178804], [31.31719631618926, -17.903226047091998], [31.28842637803822, -17.94074028862844], [31.307539198133707, -17.946627468532956], [31.327006361219645, -17.995215691460473], [31.39583333333336, -18.020833333333304], [31.3923278808594, -18.128267076280352], [31.507482571072075, -18.17168426513669], [31.489924452039958, -18.19131334092879], [31.412500000000026, -18.208333333333304], [31.341666666666693, -18.316666666666638], [31.29409111870662, -18.292019992404484], [31.256250678168428, -18.299986267089814], [31.238132731119816, -18.28652089436846], [31.208333333333357, -18.220833333333303], [31.16339959038631, -18.195172119140594], [31.136791653103323, -18.142554050021673], [31.045833333333356, -18.09999999999997], [31.044982571072072, -18.067517598470022], [30.97916666666669, -18.012499999999967], [30.850000000000023, -18.004166666666634], [30.845833333333356, -17.991666666666653], [30.79374966091582, -17.99998575846351], [30.718914964464, -17.95886281331377], [30.67806650797528, -17.97136281331377], [30.66990898980037, -17.950651041666635], [30.61250000000002, -17.916666666666636], [30.547916666666687, -17.89584791395396], [30.489574517144117, -17.903704833984342], [30.45739610460071, -17.88276604546438], [30.43333333333335, -17.908333333333317], [30.415958150227883, -17.83838738335502], [30.22573513454863, -17.761697387695296], [30.15451999240453, -17.652424452039913], [30.14943271213109, -17.560289510091128]], [[33.02083333333336, -9.670833333333315], [33.02200826009117, -9.675411309136265], [33.025567287868945, -9.672048272026892], [33.02083333333336, -9.670833333333315]], [[29.608333333333363, -16.116666666666653], [29.611649237738742, -16.117517598470023], [29.60590888129343, -16.11631334092879], [29.608333333333363, -16.116666666666653]]]}, "properties": {"zone_key": "cat_cahora", "name": "Cahora Bassa incremental", "plant": "Cahora Bassa ~2.1 GW", "countries": "MOZ", "dam_lat": -15.586, "dam_lon": 32.707, "area_km2": 228822, "n_basins": 101, "label_lon": 30.325, "label_lat": -13.957}}, {"type": "Feature", "geometry": {"type": "Polygon", "coordinates": [[[34.57881334092884, -14.797575547960044], [34.521400621202275, -14.693877156575496], [34.54119788275827, -14.668749999999974], [34.52976515028214, -14.657417636447457], [34.541666666666686, -14.62916666666664], [34.52916666666668, -14.545833333333306], [34.48454827202693, -14.542233954535563], [34.463202921549495, -14.519904073079399], [34.42500000000002, -14.462499999999972], [34.41994594997831, -14.425708516438775], [34.395266045464425, -14.405103895399277], [34.40000000000002, -14.391666666666639], [34.30302954779732, -14.39556867811412], [34.26631995307076, -14.427981906466986], [34.23333333333335, -14.424999999999972], [34.218826802571634, -14.44104902479381], [34.16619754367406, -14.42854902479381], [34.117460801866336, -14.438294135199625], [34.08404812282988, -14.463316514756917], [34.08333333333335, -14.499999999999973], [34.02916666666668, -14.46666666666664], [33.998257785373276, -14.491313340928793], [33.950815836588575, -14.495188564724366], [33.93625759548614, -14.466487969292507], [33.90000000000003, -14.47916666666664], [33.88364562988284, -14.515590922037733], [33.85612284342451, -14.50890062120223], [33.8166666666667, -14.549999999999972], [33.74498257107208, -14.500850931803358], [33.71758388943145, -14.500592888726102], [33.704628499348985, -14.53957451714407], [33.72036810980906, -14.572921244303359], [33.67802937825524, -14.625264655219159], [33.66666666666669, -14.620833333333307], [33.625567287868954, -14.568877156575494], [33.61193271213111, -14.497789510091119], [33.60000000000003, -14.483333333333306], [33.56666666666669, -14.483333333333306], [33.53333333333336, -14.420833333333306], [33.47500000000003, -14.404166666666638], [33.44583333333336, -14.320833333333304], [33.38368665907121, -14.235757785373234], [33.37916666666669, -14.208333333333304], [33.338350762261314, -14.211649068196586], [33.33806728786895, -14.186511908637122], [33.29668409559464, -14.144982401529917], [33.32016533745662, -14.120020887586776], [33.325617472330755, -14.08286421034068], [33.30416666666669, -14.024999999999968], [33.205908881293425, -13.991313340928787], [33.15416666666669, -13.937499999999984], [33.12083333333336, -13.962499999999968], [33.06874932183162, -13.966680569118893], [33.00000000000002, -13.999999999999968], [33.00326097276478, -13.942304314507346], [32.945833333333354, -13.9458333333333], [32.95890062120228, -13.903420003255176], [32.92589959038631, -13.878505452473926], [32.899112616644985, -13.821541680230018], [32.839710489908875, -13.788067287868907], [32.80715823703344, -13.800412665473074], [32.77500000000002, -13.783333333333317], [32.808729214138474, -13.730134412977414], [32.84640062120228, -13.720086669921857], [32.840815734863305, -13.6966840955946], [32.80124969482424, -13.674822658962656], [32.811932712131096, -13.643622843424462], [32.750970119900195, -13.632918294270816], [32.7370308770074, -13.646450805664045], [32.68689490424264, -13.617207166883663], [32.69661017523874, -13.57161831325953], [32.748043823242206, -13.58276604546439], [32.7686228434245, -13.554733954535571], [32.823257785373286, -13.5413133409288], [32.85000000000002, -13.516666666666648], [32.85000000000002, -13.46249999999998], [32.881377156575546, -13.461932712131057], [32.92047526041669, -13.423290337456578], [32.95085076226131, -13.267517428927931], [33.01569892035592, -13.216270616319424], [32.97952541775176, -13.160789320203971], [32.97951999240453, -13.089242214626713], [33.02916666666669, -12.90833333333331], [33.02002393934464, -12.888188001844593], [32.977006361219644, -12.88271586100258], [32.95532531738284, -12.858219401041643], [32.94166666666669, -12.783333333333308], [32.999367268880235, -12.724020894368465], [33.02083333333336, -12.649999999999974], [33.08750000000002, -12.59166666666664], [33.11078694661461, -12.61285332573782], [33.160757785373285, -12.596186659071154], [33.183686659071206, -12.610785590277752], [33.18159111870662, -12.637146674262127], [33.220477973090304, -12.594119432237386], [33.22916666666669, -12.558333333333307], [33.260543823242216, -12.557766045464383], [33.30195617675784, -12.529733954535564], [33.31875881618926, -12.525461832682264], [33.36471048990888, -12.557766045464383], [33.41250000000002, -12.524999999999974], [33.45612284342451, -12.463067287868896], [33.478522067599854, -12.46159617106117], [33.47083333333336, -12.41666666666664], [33.50326707628041, -12.411838785807264], [33.54939609103735, -12.373996988932262], [33.54166666666669, -12.341666666666638], [33.48945617675784, -12.336932712131048], [33.477670966254365, -12.320846557617159], [33.4512149386936, -12.329733954535563], [33.43750000000003, -12.316666666666638], [33.419091118706625, -12.34131334092879], [33.366666666666696, -12.345833333333305], [33.366005452473985, -12.317566257052922], [33.31250000000003, -12.245833333333303], [33.31250000000003, -12.170833333333304], [33.25833333333336, -12.145833333333304], [33.27500000000003, -12.066666666666636], [33.316099378797766, -11.985543823242171], [33.325000000000024, -11.89166666666665], [33.30416666666669, -11.86666666666665], [33.33298000759551, -11.827424452039914], [33.333686659071205, -11.785784233940955], [33.31251390245228, -11.735417344835051], [33.31631334092884, -11.601742214626716], [33.27325778537329, -11.579519992404494], [33.22500000000002, -11.58749999999998], [33.224646674262175, -11.560784233940952], [33.25381198459204, -11.531618923611092], [33.237500000000026, -11.420833333333313], [33.271743096245686, -11.4410451253255], [33.30026448567711, -11.43636271158852], [33.29166666666669, -11.370833333333312], [33.31666666666669, -11.358333333333313], [33.31328497992624, -11.334110175238694], [33.34166666666669, -11.312499999999979], [33.408900621202285, -11.153420003255185], [33.38423902723527, -11.141028849283831], [33.3744327121311, -11.101956176757788], [33.33333333333336, -11.066666666666643], [33.32021925184464, -11.017578464084178], [33.295833333333356, -10.999999999999975], [33.31723395453562, -10.940678575303796], [33.27500000000003, -10.899999999999975], [33.2512149386936, -10.908900621202232], [33.25035332573787, -10.893408881293379], [33.262500000000024, -10.866666666666642], [33.31054382324221, -10.874432712131052], [33.33528951009117, -10.842233954535565], [33.3950866699219, -10.81193271213105], [33.46250000000003, -10.820833333333308], [33.48005405002173, -10.792375183105444], [33.532445949978325, -10.765958150227839], [33.538637288411486, -10.733068678114122], [33.55331590440541, -10.732482401529921], [33.592570326063395, -10.671479119194851], [33.60734524197051, -10.657766045464383], [33.62083333333336, -10.66666666666664], [33.646541680230065, -10.625887383355007], [33.66545172797312, -10.625567287868897], [33.708333333333364, -10.579166666666639], [33.685416327582494, -10.574985758463514], [33.67429436577694, -10.529973687065944], [33.650971815321206, -10.524231804741726], [33.63271586100263, -10.491197543674017], [33.638117472330755, -10.459701199001707], [33.57500000000003, -10.437499999999972], [33.53750000000003, -10.291666666666636], [33.56250000000003, -10.233333333333302], [33.54248080783423, -10.232676527235213], [33.50821940104169, -10.184492153591549], [33.44166666666669, -10.16249999999997], [33.39494594997832, -10.104875183105438], [33.35507846408423, -10.099385748969153], [33.32951999240454, -10.073257785373233], [33.35035332573787, -9.93924221462672], [33.37916666666669, -9.91666666666665], [33.374541219075546, -9.864570787217865], [33.327424452039956, -9.783686659071163], [33.23422071668839, -9.749291653103281], [33.22083333333336, -9.616666666666648], [33.1990909152561, -9.600623575846335], [33.15833333333336, -9.612499999999981], [33.11738077799482, -9.596679009331577], [33.121400621202284, -9.636285061306404], [33.10000000000002, -9.679166666666648], [33.06597459581165, -9.62599351671005], [33.02592637803822, -9.640740288628454], [33.02854919433596, -9.580166286892341], [33.049937608506966, -9.569433254665778], [33.04964667426218, -9.49757554796005], [32.998286946614606, -9.49618665907116], [32.96751742892798, -9.478315904405362], [32.945833333333354, -9.433333333333312], [32.95833333333336, -9.395833333333313], [32.92842000325523, -9.404733954535569], [32.886328803168425, -9.362102593315951], [32.84791666666669, -9.370818752712653], [32.81666666666669, -9.349999999999978], [32.81701999240453, -9.326742214626714], [32.89119805230037, -9.227083333333312], [32.87556728786895, -9.206377156575499], [32.88578694661461, -9.178813340928796], [32.95416666666669, -9.191666666666645], [33.00242445203995, -9.171186659071157], [33.05242445203995, -9.207980007595463], [33.09340888129343, -9.175353325737824], [33.135757785373286, -9.166313340928797], [33.16840888129343, -9.125353325737823], [33.231591118706625, -9.14201999240449], [33.27291666666669, -9.179152086045985], [33.43159111870662, -9.157980007595462], [33.450000000000024, -9.129166666666643], [33.429525756835965, -9.106624688042512], [33.42951999240454, -9.072575547960046], [33.52083333333336, -8.991666666666642], [33.569118923611136, -8.978813340928795], [33.59825778537329, -8.979519992404489], [33.630303955078155, -9.004431152343725], [33.68958333333336, -8.99584791395397], [33.75659111870662, -9.008686659071156], [33.76327141655819, -9.024228583441817], [33.804166666666696, -9.016666666666643], [33.85350545247399, -9.059232923719595], [33.870833333333344, -9.09583333333331], [33.902453782823365, -9.078813340928797], [33.95000000000002, -9.091666666666644], [34.01875000000001, -9.079635281032964], [34.068408881293415, -9.120480007595463], [34.12083333333335, -9.137499999999978], [34.15416666666668, -9.179166666666644], [34.21840888129342, -9.207980007595463], [34.27083333333335, -9.216666666666644], [34.310788472493506, -9.183691067165777], [34.32556728786894, -9.201214938693553], [34.30941094292537, -9.228540378146679], [34.378583780924494, -9.25508626302081], [34.41320851643882, -9.307445949978277], [34.48258666992189, -9.317233954535569], [34.51666666666669, -9.299999999999978], [34.51726192898222, -9.319806247287305], [34.549604119194896, -9.330134412977408], [34.56285332573787, -9.423257785373243], [34.59131334092884, -9.451742214626716], [34.62700653076174, -9.557715861002585], [34.727172682020424, -9.549395073784702], [34.78253326416018, -9.520159573025154], [34.77904595269099, -9.48869391547307], [34.79828711615671, -9.478813340928799], [34.91199849446617, -9.488298882378452], [34.93478122287328, -9.51730957031248], [35.056301540798636, -9.454809570312479], [35.09922349717884, -9.47155320909286], [35.108862982855925, -9.511416965060743], [35.0869327121311, -9.529913330078106], [35.10508626302086, -9.549295722113696], [35.12916666666669, -9.566666666666647], [35.18255242241756, -9.563179185655361], [35.19687127007381, -9.615947808159703], [35.27109781901044, -9.63863728841144], [35.31276448567711, -9.70113728841144], [35.30416666666669, -9.729166666666648], [35.362500000000026, -9.724999999999982], [35.43333333333336, -9.654166666666647], [35.48950636121965, -9.703549194335919], [35.554166666666696, -9.679166666666648], [35.56248541937937, -9.706249999999981], [35.53750000000003, -9.774999999999983], [35.579166666666694, -9.808333333333316], [35.54973551432295, -9.84052937825519], [35.592233954535615, -9.880381605360226], [35.583373684353326, -9.902636379665783], [35.62500000000003, -9.945833333333317], [35.612500000000026, -9.958333333333318], [35.63683878580732, -9.988399590386269], [35.634301079644125, -10.012104119194847], [35.6541666666667, -10.029166666666635], [35.68578694661461, -10.020478481716548], [35.7166666666667, -9.987499999999983], [35.75612284342451, -10.011932712131044], [35.772048272026936, -9.995266045464378], [35.829166666666694, -10.016666666666634], [35.85242445203994, -10.008686659071165], [35.87916666666668, -10.033333333333317], [35.888429599338124, -10.078474595811617], [35.91993662516278, -10.067398410373247], [35.96666666666668, -10.099999999999984], [35.93750000000003, -10.137499999999969], [35.91702033148874, -10.13921390109589], [35.90062357584638, -10.167575920952661], [35.90359937879777, -10.210543823242157], [35.87500000000003, -10.237499999999969], [35.8798278808594, -10.257433742947018], [35.913067287868955, -10.274253336588512], [35.90900709364152, -10.303270297580266], [35.95000000000002, -10.33749999999997], [35.95000000000002, -10.354166666666638], [35.90416666666668, -10.420833333333304], [35.869118923611126, -10.420480007595458], [35.83750000000001, -10.466666666666638], [35.809701199001765, -10.461882358127141], [35.79237230088979, -10.475807020399277], [35.791059027777806, -10.528253343370197], [35.76609937879777, -10.555381605360216], [35.77500000000003, -10.579166666666639], [35.73112284342451, -10.592233954535562], [35.69583333333336, -10.637499999999973], [35.71306728786895, -10.682586669921848], [35.70350545247399, -10.71160040961369], [35.6916666666667, -10.71666666666664], [35.65756666395402, -10.646745300292942], [35.58528951009117, -10.636932712131049], [35.52721048990888, -10.588067287868896], [35.497789510091174, -10.583900621202229], [35.47916666666669, -10.608333333333306], [35.39367302788631, -10.582715691460475], [35.36223246256513, -10.55738474527992], [35.358155992296034, -10.530416361490857], [35.25000000000003, -10.499999999999972], [35.24029880099829, -10.542284308539468], [35.22130262586808, -10.524382358127141], [35.200000000000024, -10.529166666666638], [35.2083187527127, -10.543749999999973], [35.190894232855925, -10.599113633897542], [35.141666666666694, -10.608333333333306], [35.14825778537329, -10.653813340928792], [35.12325778537329, -10.63785332573782], [35.08785569932728, -10.64754553900822], [35.07916666666669, -10.674999999999972], [35.10327928331166, -10.703458150227839], [35.055054050021724, -10.725708516438775], [35.04640062120228, -10.768622843424453], [35.0461866590712, -10.80659111870657], [35.074646674262176, -10.839924452039906], [35.02386271158856, -10.929431152343724], [35.00625000000002, -10.921301947699629], [34.983795166015646, -10.939592149522545], [34.99109937879776, -10.960543823242162], [34.96713528103301, -10.989583333333309], [34.95833333333336, -11.054166666666642], [34.929888237847244, -11.061751980251712], [34.893750000000026, -10.99584791395397], [34.87500000000002, -10.999999999999975], [34.85798000759551, -11.04828694661456], [34.87257554796009, -11.078813340928797], [34.90326707628041, -11.083994547526018], [34.9283159044054, -11.11335076226126], [34.9619327121311, -11.185289510091124], [34.95359937879777, -11.20907999674477], [34.970266045464435, -11.239456176757791], [34.970266045464435, -11.353420003255188], [34.987500000000026, -11.416666666666647], [35.02409600151912, -11.421477932400153], [35.050000000000026, -11.44999999999998], [35.04643825954864, -11.535506184895814], [35.116868082682316, -11.605385335286439], [35.11666666666669, -11.633333333333315], [35.0869327121311, -11.638714938693557], [35.086838785807316, -11.68243374294703], [35.06306728786895, -11.710289510091128], [35.066099378797766, -11.793877156575503], [35.025567287868945, -11.860289510091128], [35.00381334092884, -11.973257785373248], [34.945833333333354, -12.058333333333302], [34.95903761121964, -12.149080573187904], [34.9908159044054, -12.167517598470022], [35.00056728786895, -12.195086669921846], [35.03750000000002, -12.349999999999971], [35.02916666666669, -12.374999999999972], [35.11666666666669, -12.445833333333306], [35.11285332573787, -12.523257785373236], [35.137500000000024, -12.554166666666639], [35.128599378797766, -12.61054382324216], [35.09649454752606, -12.659232923719593], [35.094924248589436, -12.703543090820286], [35.02500000000002, -12.737499999999974], [35.00345831976999, -12.853279283311608], [34.9762149386936, -12.853599378797718], [34.930017428927975, -12.888350762261261], [34.89526604546443, -12.949253336588518], [34.896301947699676, -12.98958333333331], [34.920833333333356, -13.004166666666643], [34.93541666666669, -12.99630194769963], [34.96666666666669, -13.029166666666644], [35.00000000000002, -13.037499999999977], [35.040694851345506, -12.978398301866296], [35.037146674262175, -12.939952256944421], [35.0740909152561, -12.921456909179664], [35.13838738335506, -12.974291653103275], [35.17877061631947, -12.971801079644074], [35.18393588595923, -13.011585489908832], [35.20331590440541, -13.025850762261262], [35.18298000759551, -13.052452256944422], [35.175000000000026, -13.141666666666644], [35.22500000000002, -13.216666666666645], [35.22535332573787, -13.260757785373244], [35.25000000000003, -13.274999999999979], [35.25416666666669, -13.341666666666645], [35.22859937879777, -13.390920003255188], [35.25473395453562, -13.411753336588522], [35.25064120822485, -13.486683485243036], [35.26728413899742, -13.499530707465258], [35.25353630913631, -13.550396389431405], [35.253599378797766, -13.661753336588523], [35.26723395453561, -13.674253336588524], [35.25000000000003, -13.749999999999982], [35.275353325737875, -13.777453613281233], [35.27464667426218, -13.810757785373248], [35.26693115234377, -13.861362711588525], [35.24109937879777, -13.878420003255192], [35.246400621202284, -13.910543823242172], [35.27083333333336, -13.929166666666635], [35.27916666666669, -13.991666666666635], [35.32973395453561, -14.045086669921844], [35.32535332573787, -14.1024244520399], [35.39201999240454, -14.148285590277748], [35.37464667426218, -14.206620449489987], [35.387500000000024, -14.23749999999997], [35.37083333333336, -14.258333333333304], [35.403398301866346, -14.280138312445718], [35.40000000000003, -14.349999999999971], [35.42464667426218, -14.36007554796004], [35.44655490451392, -14.432617865668375], [35.482980007595515, -14.43924221462671], [35.492233954535614, -14.493877156575493], [35.51306728786895, -14.520086669921849], [35.50894944932728, -14.644965616861953], [35.53248257107207, -14.642517598470025], [35.54583333333336, -14.70416666666664], [35.532766045464435, -14.71371493869355], [35.54109937879777, -14.785543823242163], [35.52083333333336, -14.816666666666642], [35.532977973090304, -14.952452935112824], [35.50833333333336, -14.966666666666644], [35.47819892035593, -15.020437282986087], [35.43750000000003, -15.041666666666643], [35.45381062825523, -15.085787963867165], [35.42054070366756, -15.132568020290776], [35.39657050238718, -15.13407050238713], [35.391666666666694, -15.179166666666646], [35.31755744086374, -15.229862806532097], [35.307701958550375, -15.273997328016472], [35.279733954535615, -15.301956176757791], [35.28267211914065, -15.336600409613695], [35.2336866590712, -15.393408881293382], [35.17916666666669, -15.49999999999998], [35.15833333333336, -15.583333333333314], [35.166313340928845, -15.627424452039913], [35.14647115071617, -15.642572360568558], [35.14052937825523, -15.696097819010399], [35.12589959038631, -15.69240214029946], [35.1086866590712, -15.718408881293385], [35.086838785807316, -15.807433742947032], [35.06214667426217, -15.8191202799479], [35.054519992404536, -15.877424452039914], [35.08333333333336, -15.933333333333318], [35.07464226616756, -15.989954460991722], [35.04338209364152, -16.004521009657086], [35.02500000000002, -16.045833333333302], [34.98820427788631, -16.063419426812036], [34.9157670762804, -16.145172119140597], [34.84925333658856, -16.128599378797713], [34.78750000000002, -16.141666666666637], [34.75203162299264, -16.13269059922957], [34.711624484592036, -16.083083089192677], [34.68750000000002, -16.07499999999997], [34.657980007595505, -16.005908881293372], [34.60637715657554, -15.971400621202225], [34.585289510091165, -15.974432712131044], [34.54223395453561, -15.918877156575489], [34.532728237575974, -15.813040500216998], [34.550630187988304, -15.791270277235226], [34.54165242513023, -15.718749660915782], [34.52464667426217, -15.702453613281232], [34.5336866590712, -15.614952256944425], [34.52150709364151, -15.607436794704842], [34.521400621202275, -15.545086669921856], [34.49109937879776, -15.520086669921856], [34.49640062120228, -15.465920003255189], [34.475000000000016, -15.42499999999998], [34.49411773681643, -15.407980007595466], [34.51250000000002, -15.41249999999998], [34.52168426513674, -15.346684095594597], [34.57500000000002, -15.320833333333312], [34.60035332573787, -15.276713053385397], [34.57026604546443, -15.120086669921854], [34.59223395453561, -15.090920003255185], [34.57436981201174, -15.070436943901887], [34.62500000000002, -15.004166666666643], [34.611844550238736, -14.98725416395397], [34.61732211642797, -14.959157986111087], [34.59239027235245, -14.957595147026886], [34.5910112169054, -14.931211005316817], [34.56250000000002, -14.899999999999975], [34.59223395453561, -14.85758666992185], [34.57881334092884, -14.797575547960044]]]}, "properties": {"zone_key": "cat_shire", "name": "Shire / Lake Malawi", "plant": "Nkula/Tedzani/Kapichira ~0.4 GW", "countries": "MWI", "dam_lat": -15.883, "dam_lon": 34.773, "area_km2": 141900, "n_basins": 67, "label_lon": 34.1797, "label_lat": -12.575}}, {"type": "Feature", "geometry": {"type": "Polygon", "coordinates": [[[36.43924221462675, -10.612146674262124], [36.40661773681642, -10.61285332573782], [36.36250000000002, -10.574999999999973], [36.336559210883266, -10.588029479980442], [36.2811228434245, -10.574432712131049], [36.231122843424494, -10.557766045464382], [36.18971048990887, -10.521400621202229], [36.15758666992189, -10.520266045464382], [36.0758509318034, -10.54668426513669], [36.045209757486994, -10.599090745713948], [36.017375183105486, -10.605054050021675], [36.01250000000002, -10.637499999999973], [35.982586669921886, -10.628599378797716], [35.941666666666684, -10.645833333333307], [35.92913241916234, -10.631797960069417], [35.92916666666668, -10.562499999999972], [35.881250000000016, -10.557864549424885], [35.84643673366972, -10.532313707139728], [35.83750000000001, -10.466666666666638], [35.869118923611126, -10.420480007595458], [35.90416666666668, -10.420833333333304], [35.95000000000002, -10.354166666666638], [35.95000000000002, -10.33749999999997], [35.90900709364152, -10.303270297580266], [35.913067287868955, -10.274253336588512], [35.8798278808594, -10.257433742947018], [35.87500000000003, -10.237499999999969], [35.90359937879777, -10.210543823242157], [35.90062357584638, -10.167575920952661], [35.91702033148874, -10.13921390109589], [35.93750000000003, -10.137499999999969], [35.96577928331165, -10.096541680230018], [35.91993662516278, -10.067398410373247], [35.888429599338124, -10.078474595811617], [35.87916666666668, -10.033333333333317], [35.85242445203994, -10.008686659071165], [35.829166666666694, -10.016666666666634], [35.772048272026936, -9.995266045464378], [35.75612284342451, -10.011932712131044], [35.7166666666667, -9.987499999999983], [35.68578694661461, -10.020478481716548], [35.6541666666667, -10.029166666666635], [35.634301079644125, -10.012104119194847], [35.63683878580732, -9.988399590386269], [35.612500000000026, -9.958333333333318], [35.62500000000003, -9.945833333333317], [35.583373684353326, -9.902636379665783], [35.592233954535615, -9.880381605360226], [35.54973551432295, -9.84052937825519], [35.579166666666694, -9.808333333333316], [35.53750000000003, -9.774999999999983], [35.56248541937937, -9.706249999999981], [35.554166666666696, -9.679166666666648], [35.48950636121965, -9.703549194335919], [35.43333333333336, -9.654166666666647], [35.362500000000026, -9.724999999999982], [35.30416666666669, -9.729166666666648], [35.31276448567711, -9.70113728841144], [35.27109781901044, -9.63863728841144], [35.19687127007381, -9.615947808159703], [35.18255242241756, -9.563179185655361], [35.12916666666669, -9.566666666666647], [35.10508626302086, -9.549295722113696], [35.0869327121311, -9.529913330078106], [35.108862982855925, -9.511416965060743], [35.09922349717884, -9.47155320909286], [35.056301540798636, -9.454809570312479], [34.93478122287328, -9.51730957031248], [34.91199849446617, -9.488298882378452], [34.79828711615671, -9.478813340928799], [34.77904595269099, -9.48869391547307], [34.78253326416018, -9.520159573025154], [34.727172682020424, -9.549395073784702], [34.62700653076174, -9.557715861002585], [34.59131334092884, -9.451742214626716], [34.56285332573787, -9.423257785373243], [34.549604119194896, -9.330134412977408], [34.51726192898222, -9.319806247287305], [34.51666666666669, -9.299999999999978], [34.48258666992189, -9.317233954535569], [34.41320851643882, -9.307445949978277], [34.378583780924494, -9.25508626302081], [34.30941094292537, -9.228540378146679], [34.32556728786894, -9.201214938693553], [34.310788472493506, -9.183691067165777], [34.27083333333335, -9.216666666666644], [34.21840888129342, -9.207980007595463], [34.15416666666668, -9.179166666666644], [34.12083333333335, -9.137499999999978], [34.068408881293415, -9.120480007595463], [34.01875000000001, -9.079635281032964], [33.95000000000002, -9.091666666666644], [33.902453782823365, -9.078813340928797], [33.870833333333344, -9.09583333333331], [33.85350545247399, -9.059232923719595], [33.804166666666696, -9.016666666666643], [33.76327141655819, -9.024228583441817], [33.75659111870662, -9.008686659071156], [33.68958333333336, -8.99584791395397], [33.630303955078155, -9.004431152343725], [33.59825778537329, -8.979519992404489], [33.54618665907121, -8.977424452039905], [33.54223395453562, -8.903229437934003], [33.516666666666694, -8.849999999999975], [33.54193115234378, -8.836362881130617], [33.52961832682294, -8.814580790201797], [33.61631334092885, -8.627424452039904], [33.583333333333364, -8.566666666666638], [33.6083194308811, -8.531250678168375], [33.60833333333336, -8.483333333333306], [33.583686659071205, -8.460757785373236], [33.59618665907121, -8.431620449489989], [33.58816121419274, -8.400899590386256], [33.62083333333336, -8.395833333333304], [33.60416666666669, -8.32499999999997], [33.73333333333336, -8.199999999999969], [33.73390062120229, -8.122789510091115], [33.77026604546444, -8.085543823242157], [33.75833333333336, -8.012499999999967], [33.77500000000003, -8.004166666666634], [33.76214667426218, -7.977453782823318], [33.78298000759551, -7.927424452039897], [33.775353325737875, -7.905908881293386], [33.80748257107208, -7.894982571072031], [33.82036471896704, -7.868749999999983], [33.82973395453562, -7.7990627712673435], [33.80513441297746, -7.77460394965276], [33.80483194986982, -7.721615600585919], [33.832588365342914, -7.711469862196163], [33.829628499348985, -7.689574517144079], [33.86250000000003, -7.662499999999981], [33.85000000000003, -7.641666666666648], [33.815920003255236, -7.650567287868904], [33.7791666666667, -7.6249999999999805], [33.79067620171444, -7.567285834418383], [33.71314053005645, -7.565804375542515], [33.7071960449219, -7.537235514322896], [33.68816121419274, -7.536600409613696], [33.68811747233076, -7.502006361219598], [33.72500000000003, -7.44999999999998], [33.68811747233076, -7.385339694552931], [33.74914923773874, -7.32831590440536], [33.741666666666696, -7.2583333333333115], [33.76159091525611, -7.257709757486957], [33.76250000000003, -7.220833333333311], [33.79131266276045, -7.198284233940949], [33.804804484049505, -7.130072360568553], [33.84498257107208, -7.082482571072025], [33.824432712131106, -7.034079996744768], [33.84998643663197, -7.01041598849824], [33.832980007595516, -6.9357842339409475], [33.870833333333366, -6.895833333333308], [33.90405273437503, -6.907174682617162], [33.917343139648466, -6.8591444227430305], [33.96250000000001, -6.841666666666641], [34.013067287868935, -6.767413330078099], [34.01731109619142, -6.696737162272109], [34.04583333333335, -6.695833333333306], [34.00833333333336, -6.649999999999973], [34.01714867485896, -6.625999281141466], [34.00327928331165, -6.588208516438774], [33.94680107964411, -6.537104119194851], [33.950567287868935, -6.494873725043375], [33.9214569091797, -6.478257412380614], [33.93368665907119, -6.427451070149711], [33.921720716688384, -6.4007085164387725], [33.970833333333346, -6.387499999999971], [33.96296878390844, -6.352083333333304], [34.00833333333335, -6.283333333333303], [33.983068678114165, -6.2655295477972786], [33.987031216091594, -6.197916666666636], [33.93806728786894, -6.093622843424448], [34.16757592095271, -5.929790242512988], [34.231618754069025, -5.953811815049881], [34.260075547960085, -5.925353325737815], [34.27916666666668, -5.933333333333301], [34.314924452039946, -5.907980007595453], [34.35898929172094, -5.692626614040781], [34.40316077338326, -5.686868964301197], [34.43333333333335, -5.654166666666648], [34.42500000000002, -5.599999999999981], [34.47020060221356, -5.565687730577237], [34.483900621202274, -5.522789510091126], [34.56840888129342, -5.483686659071161], [34.65416666666669, -5.51249999999998], [34.729166666666686, -5.412499999999979], [34.78276604546443, -5.456122843424459], [34.7995312160916, -5.497916666666646], [34.77153964572485, -5.50940178765189], [34.770110744900194, -5.536741129557272], [34.74239908854169, -5.546893649631057], [34.71629587809247, -5.599083794487828], [34.68750000000002, -5.608333333333314], [34.68750000000002, -5.629166666666648], [34.72500000000002, -5.666666666666648], [34.756621805826846, -5.67119106716578], [34.77081875271269, -5.697916666666648], [34.72973395453561, -5.756122843424461], [34.7537068684896, -5.81876152886283], [34.74212646484377, -5.8312384711371354], [34.75056728786895, -5.8730438232421704], [34.77500000000002, -5.9208333333333165], [34.82856818305124, -5.959249030219151], [34.85059848361547, -6.119917636447451], [34.90381334092884, -6.151742214626705], [34.93016628689239, -6.2089509752061325], [34.95416666666669, -6.2041666666666355], [34.94223395453561, -6.227210489908824], [34.967233954535615, -6.251214938693546], [34.965884060329884, -6.299295383029484], [34.94246927897137, -6.300703430175751], [34.907629055447075, -6.369913906521238], [34.84583333333335, -6.420833333333304], [34.83333333333336, -6.483333333333305], [34.96343722873266, -6.504733954535562], [35.03971048990888, -6.500567287868895], [35.09705200195315, -6.558534749348931], [35.14583333333336, -6.541666666666639], [35.16250000000002, -6.591666666666639], [35.14661220974395, -6.592364501953098], [35.13679911295576, -6.649260457356744], [35.121684095594645, -6.650850931803358], [35.11609937879777, -6.675746663411432], [35.133988783094644, -6.7080874972873], [35.129915364583354, -6.740980021158828], [35.15833333333336, -6.7416666666666405], [35.18333333333336, -6.816666666666642], [35.21874932183162, -6.808347235785565], [35.24804382324221, -6.824432712131051], [35.276742214626765, -6.796186659071155], [35.360416666666694, -6.7791812472873], [35.43159111870662, -6.787146674262127], [35.46631334092885, -6.748257785373237], [35.474432712131104, -6.690678575303792], [35.554166666666696, -6.554166666666639], [35.583333333333364, -6.541666666666639], [35.621684095594645, -6.578315734863254], [35.645833333333364, -6.574999999999973], [35.67168409559465, -6.45918426513669], [35.722789510091175, -6.408900621202228], [35.75000000000003, -6.408333333333305], [35.76595831976999, -6.390779283311603], [35.800000000000026, -6.333333333333304], [35.79517211914065, -6.280066257052921], [35.77500000000003, -6.26249999999997], [35.78333333333336, -6.245833333333303], [35.941666666666684, -6.279166666666637], [35.92854902479385, -6.292666286892331], [35.941741265190984, -6.31545410156247], [35.93390062120227, -6.427210489908825], [35.9791666666667, -6.504166666666638], [36.00624966091581, -6.5166524251301805], [36.07083333333335, -6.458333333333305], [36.084110175238735, -6.4867151896158575], [36.11250000000002, -6.483333333333305], [36.09109937879776, -6.507118394639729], [36.10954827202693, -6.529733954535562], [36.13137715657554, -6.5255672878688955], [36.1857871161567, -6.562853325737819], [36.28636288113066, -6.566402011447455], [36.31665208604603, -6.635416666666639], [36.30513458251955, -6.720476786295547], [36.333113945855054, -6.734252251519071], [36.35103013780384, -6.774255032009522], [36.40769958496096, -6.813142734103707], [36.43061472574872, -6.786857265896241], [36.47842000325522, -6.8422339545355655], [36.55833333333335, -6.833333333333307], [36.566666666666684, -6.887499999999974], [36.5508509318034, -6.91164923773869], [36.56755405002172, -6.945124986436607], [36.61723395453561, -6.963714938693552], [36.613067287868944, -6.998043823242163], [36.62973395453561, -7.017881605360219], [36.62438235812719, -7.057864040798588], [36.64097866482207, -7.067476060655358], [36.64166666666669, -7.0999999999999766], [36.69505547417537, -7.096540323893206], [36.746510314941425, -7.228169080946158], [36.78950653076174, -7.257715861002582], [36.80416666666669, -7.2583333333333115], [36.80064442952476, -7.225903998480881], [36.81666666666669, -7.216666666666644], [36.84092000325523, -7.242233954535568], [36.87708333333335, -7.229635281032964], [36.92842000325523, -7.250567287868901], [36.95833333333336, -7.2458333333333105], [36.96311408148874, -7.332421535915778], [37.01078389485679, -7.33785434299043], [37.04201999240453, -7.369115871853277], [37.03750000000002, -7.429166666666646], [37.051742214626756, -7.437146674262133], [37.09087320963544, -7.436780463324633], [37.08829040527346, -7.4134402804904305], [37.120292833116345, -7.395228407118035], [37.17304382324221, -7.407766045464388], [37.21054382324221, -7.391099378797723], [37.233333333333356, -7.358333333333312], [37.29076707628041, -7.367327880859354], [37.31250000000003, -7.416666666666646], [37.29964667426218, -7.44754909939234], [37.31666666666669, -7.47499999999998], [37.300000000000026, -7.570833333333313], [37.329166666666694, -7.574999999999981], [37.33333333333336, -7.620833333333314], [37.35195617675784, -7.645266045464391], [37.39081590440541, -7.655017428927932], [37.40000000000003, -7.716666666666648], [37.43541666666669, -7.757864718966996], [37.487500000000026, -7.766666666666649], [37.60416666666669, -7.724999999999982], [37.61740180121531, -7.613302612304668], [37.70000000000003, -7.608333333333314], [37.72862616644968, -7.574395073784703], [37.7492126464844, -7.588104926215259], [37.800940958658884, -7.574529012044252], [37.82083333333335, -7.583333333333314], [37.88963504367406, -7.5493570963541465], [37.96862284342449, -7.46723395453557], [38.0980438232422, -7.432766045464389], [38.14166666666668, -7.374999999999979], [38.17384117974177, -7.366552734374979], [38.17978430853951, -7.353697374131923], [38.16253390842016, -7.34030558268227], [38.17163594563804, -7.317401801215256], [38.22884487575956, -7.291023763020812], [38.30416666666668, -7.308333333333312], [38.33233947753908, -7.299368286132791], [38.36136288113066, -7.258068847656228], [38.42325778537328, -7.275353325737825], [38.47991333007814, -7.317233954535569], [38.510787116156706, -7.2996466742621315], [38.56250000000002, -7.304166666666645], [38.60590888129342, -7.337146674262131], [38.67500000000002, -7.3416666666666455], [38.57827928331165, -7.428458319769945], [38.53333333333335, -7.437499999999979], [38.53664906819663, -7.5199825710720285], [38.5033157348633, -7.5616492377386955], [38.43442162407771, -7.600360446506057], [38.406933254665816, -7.6624376085069255], [38.372993469238295, -7.646450805664044], [38.346187845865906, -7.655881415473072], [38.354166666666686, -7.683333333333314], [38.40762973361547, -7.713542683919252], [38.4090532090929, -7.736723497178801], [38.45898878309464, -7.755242580837655], [38.437072075737866, -7.799150933159705], [38.48750000000002, -7.812499999999982], [38.523043823242205, -7.804733954535573], [38.5508995903863, -7.832672119140607], [38.594854227701845, -7.842299397786441], [38.629166666666684, -7.866666666666649], [38.61604902479386, -7.891197374131927], [38.64504377577042, -7.9367635091145665], [38.59804382324221, -7.917233954535574], [38.47425333658856, -7.917233954535574], [38.44492001003691, -7.888107638888872], [38.38575778537328, -7.8795199924044965], [38.354166666666686, -7.90416666666665], [38.30625000000002, -7.883801947699636], [38.27425333658856, -7.9047339545355735], [38.166666666666686, -7.866666666666649], [38.11666666666668, -7.883333333333317], [38.08443400065106, -7.853652954101545], [38.05416666666668, -7.862499999999983], [38.00833333333335, -8.024999999999984], [37.9422339545356, -8.081122843424447], [37.89640062120229, -8.197789510091116], [37.904519992404545, -8.344091118706569], [37.94076707628041, -8.36316121419268], [38.00833333333335, -8.437499999999972], [38.0079800075955, -8.460757785373236], [37.991099378797756, -8.486753336588514], [37.995215691460515, -8.56466013590492], [37.9166666666667, -8.67916666666664], [37.91250000000003, -8.724999999999973], [37.87500000000003, -8.74166666666664], [37.88395080566409, -8.762030877007351], [37.85771586100263, -8.80369754367402], [37.8618825276693, -8.852160305447024], [37.829166666666694, -8.904166666666642], [37.78835076226132, -8.890815904405358], [37.741666666666696, -8.84166666666664], [37.67745090060767, -8.846186659071154], [37.647575547960095, -8.829519992404489], [37.569982571072075, -8.907482571072023], [37.54583333333336, -8.908333333333308], [37.54240349663631, -8.93660753038192], [37.563067287868954, -8.955381605360218], [37.540895250108534, -9.02006191677515], [37.517360093858535, -9.030212402343725], [37.51217820909291, -9.058976236979143], [37.48958333333336, -9.046431816948761], [37.4666666666667, -9.054166666666642], [37.48333333333336, -9.15833333333331], [37.41250000000002, -9.216666666666644], [37.387500000000024, -9.287499999999978], [37.35359937879777, -9.320086669921853], [37.366666666666696, -9.387499999999978], [37.3493825276693, -9.453697374131924], [37.42173699273006, -9.553521050347202], [37.45085076226131, -9.58248257107203], [37.47916666666669, -9.58749999999998], [37.48368665907121, -9.681591118706578], [37.525353325737875, -9.748286946614565], [37.54583333333336, -9.808333333333316], [37.54201999240454, -9.848257785373246], [37.562853325737876, -9.881616889105885], [37.550000000000026, -9.933333333333302], [37.50868767632381, -9.96004689534502], [37.51592780219187, -10.00328691270613], [37.487500000000026, -10.033333333333301], [37.51248541937937, -10.110416666666636], [37.47845831976999, -10.1907792833116], [37.41666666666669, -10.195833333333303], [37.40833333333336, -10.216666666666637], [37.28750000000002, -10.27499999999997], [37.27083333333336, -10.308333333333303], [37.19757554796009, -10.342019992404484], [37.18333333333336, -10.366666666666637], [37.133333333333354, -10.349999999999971], [37.112500000000026, -10.383333333333304], [37.042666286892384, -10.3756176418728], [37.032864040798636, -10.357715691460474], [36.97916666666669, -10.366666666666637], [36.87410040961374, -10.445172119140597], [36.830908881293425, -10.458686659071152], [36.81184590657554, -10.52818569607202], [36.792683580186655, -10.54640062120223], [36.70833333333336, -10.558333333333305], [36.707482401529965, -10.59498240152992], [36.67708333333336, -10.62869788275822], [36.65416666666669, -10.62916666666664], [36.621684265136736, -10.667517598470026], [36.61158837212459, -10.707719082302491], [36.56445617675783, -10.713067287868897], [36.52500000000002, -10.762499999999974], [36.48424089219837, -10.724092441134957], [36.4825400458442, -10.696552870008654], [36.445833333333354, -10.683333333333307], [36.43924221462675, -10.612146674262124]]]}, "properties": {"zone_key": "cat_rufiji", "name": "Rufiji (Julius Nyerere)", "plant": "JNHPP ~2.1 GW", "countries": "TZA", "dam_lat": -7.808, "dam_lon": 37.993, "area_km2": 163245, "n_basins": 55, "label_lon": 35.8426, "label_lat": -8.1042}}, {"type": "Feature", "geometry": {"type": "Polygon", "coordinates": [[[37.67283969455298, -1.0797841389973724], [37.66169738769534, -1.0992648654513655], [37.59252827962242, -1.129497612847199], [37.577424452039956, -1.2121466742621303], [37.52500000000003, -1.1958333333333107], [37.46565483940975, -1.2047339545355675], [37.40416666666669, -1.137499999999977], [37.289924452039955, -1.058686659071157], [37.243408881293426, -1.0538133409287957], [37.22842000325523, -1.0369327121310525], [37.13006354437936, -1.0868286132812264], [36.959184095594644, -1.003315904405358], [36.77817620171443, -0.8756191677517111], [36.722916666666684, -0.8745313856336554], [36.652210489908875, -0.8464006212022315], [36.566666666666684, -0.8499999999999748], [36.570833333333354, -0.8124999999999742], [36.59131334092884, -0.7899244520399047], [36.579519992404535, -0.7517422146267099], [36.633333333333354, -0.67916666666664], [36.70000000000002, -0.6249999999999729], [36.65880211724178, -0.5062499999999717], [36.66723395453561, -0.46371493869354774], [36.63267211914064, -0.38423292371958917], [36.60416446261938, -0.36876508924693274], [36.61665293375653, -0.356250847710474], [36.60798000759551, -0.33578711615665435], [36.62083333333335, -0.30416666666663694], [36.65099962022571, -0.3422843085394671], [36.70632680257164, -0.3368823581271405], [36.73950653076174, -0.30895097520613346], [36.874253336588566, -0.2910993787977132], [36.907436794704886, -0.2993262396918106], [36.94660474989151, -0.2049380832247958], [37.01036512586808, -0.17147606743703525], [37.05623847113718, -0.19120686848955248], [37.31164923773874, -0.17414906819658382], [37.32083333333336, -0.1249999999999849], [37.34131334092884, -0.11075778537324865], [37.34166666666669, -0.06249999999998401], [37.39076707628041, -0.04517211914060937], [37.41346774631079, -0.0003960503472058008], [37.48112284342451, 0.053599378797759556], [37.516666666666694, 0.05416666666668313], [37.53001742892798, 0.08248257107206536], [37.593622843424505, 0.12859937879776018], [37.744933742947076, 0.13406880696617907], [37.76028951009118, 0.17026604546444335], [37.836780971950965, 0.18853810628258572], [37.83823920355904, 0.20755869547529415], [37.89093153211807, 0.23830261230470562], [37.92168426513673, 0.3324825710720676], [37.95342797173396, 0.34671291775175517], [37.95000000000003, 0.37083333333335267], [38.00221048990887, 0.37026604546442865], [38.10195617675783, 0.3089006212022758], [38.14490017361113, 0.3034640842014076], [38.30833333333335, 0.1625000000000174], [38.34583333333335, 0.14583333333336657], [38.37573513454863, 0.07996927897138706], [38.42824028862849, 0.065740288628505], [38.451742214626755, 0.037853325737879695], [38.510757785373286, 0.024646674262185142], [38.566666666666684, -0.016666666666634633], [38.56285332573787, -0.08159111870656588], [38.57881334092884, -0.12325778537323284], [38.5535112169054, -0.25358513726125453], [38.56184455023873, -0.2771223280164632], [38.54507717556425, -0.32841050889754], [38.500850931803406, -0.33835093180335596], [38.44804382324221, -0.3994327121310475], [38.41147477891712, -0.3994327121310475], [38.33750000000002, -0.4708333333333048], [38.26250000000002, -0.4916666666666383], [38.17325778537328, -0.5954800075954587], [38.117517598470066, -0.6091842651366917], [38.09583333333337, -0.6666666666666399], [38.129166666666684, -0.7166666666666401], [38.09168124728734, -0.7437499999999737], [38.078808932834214, -0.8941216362846971], [38.062500000000014, -0.9041666666666419], [38.10342797173396, -1.082453748914907], [38.06741333007814, -1.1005672878689001], [38.01424221462675, -1.096186659071157], [38.00833333333336, -1.1583333333333106], [37.96577928331166, -1.1909583197699427], [37.88750000000003, -1.2166666666666441], [37.82083333333336, -1.1916666666666442], [37.76338738335507, -1.199291653103276], [37.72083333333336, -1.1499999999999768], [37.70000000000003, -1.079166666666643], [37.67283969455298, -1.0797841389973724]]]}, "properties": {"zone_key": "cat_tana", "name": "Tana cascade (Seven Forks)", "plant": "Masinga..Kiambere ~0.6 GW", "countries": "KEN", "dam_lat": -0.657, "dam_lon": 37.88, "area_km2": 22458, "n_basins": 5, "label_lon": 37.5157, "label_lat": -0.4316}}, {"type": "Feature", "geometry": {"type": "Polygon", "coordinates": [[[35.86445617675783, 8.729733954535611], [35.79583333333336, 8.858333333333356], [35.82003919813371, 8.879960801866343], [35.8368825276693, 8.93950636121964], [35.84228413899743, 8.98823682996964], [35.82083333333336, 9.050000000000024], [35.83806728786895, 9.10491333007815], [35.808900621202284, 9.126956176757837], [35.80326707628041, 9.18267211914065], [35.770833333333364, 9.208333333333359], [35.729875013563394, 9.205054050021726], [35.70486958821618, 9.242595926920599], [35.69109937879777, 9.292413330078151], [35.704166666666694, 9.34583333333336], [35.679166666666696, 9.387500000000026], [35.646883816189266, 9.37852393256296], [35.62500000000003, 9.40833333333336], [35.60073920355906, 9.395058695475287], [35.59583333333336, 9.362500000000026], [35.61276448567711, 9.348862881130668], [35.60000000000003, 9.325000000000026], [35.54166666666669, 9.333333333333359], [35.49109937879777, 9.292654758029538], [35.47083333333336, 9.220833333333358], [35.4740898980035, 9.146606784396726], [35.40903896755645, 9.120073106553843], [35.391666666666694, 9.025000000000023], [35.35000000000002, 9.000000000000023], [35.32585076226131, 8.992517428927975], [35.294091118706625, 9.028813340928842], [35.21250000000003, 9.025000000000023], [35.19466213650176, 9.003769259982661], [35.170833333333356, 9.020833333333357], [35.070833333333354, 9.020833333333357], [35.024082777235265, 9.045240614149328], [34.950000000000024, 9.045833333333357], [34.91161261664499, 9.004875013563392], [34.83789588080514, 8.97403225368926], [34.825000000000024, 8.900000000000023], [34.80659111870662, 8.87535332573787], [34.67257554796009, 8.892019992404537], [34.67500000000002, 8.925000000000022], [34.63267211914064, 8.953267076280405], [34.576742214626755, 8.946186659071204], [34.561004299587694, 8.966653442382835], [34.53824801974828, 8.96322157118058], [34.54104902479386, 9.039660305447072], [34.492135450575105, 9.114583333333357], [34.521400621202275, 9.146579996744816], [34.528813340928835, 9.244091118706622], [34.48333333333335, 9.29583333333336], [34.5246041191949, 9.317634412977457], [34.53333333333335, 9.341666666666693], [34.620129055447066, 9.38008609347876], [34.62973395453561, 9.409079996744818], [34.61668039957684, 9.427084181043863], [34.64166666666669, 9.450000000000028], [34.525567287868945, 9.58945617675784], [34.56601698133682, 9.609148491753501], [34.5674021402995, 9.711700100368953], [34.60000000000002, 9.72500000000003], [34.5579800075955, 9.81495378282338], [34.59914906819663, 9.846684265136748], [34.59526604546443, 9.889710489908884], [34.57146470811634, 9.909332784016957], [34.57536587185332, 9.9446701049805], [34.51250000000002, 9.970833333333363], [34.5336866590712, 10.010787116156715], [34.52535858154299, 10.048288642035622], [34.55000000000002, 10.062500000000032], [34.55416666666669, 10.087500000000016], [34.53005405002172, 10.113208346896718], [34.528813340928835, 10.147546386718766], [34.57036454942493, 10.210416666666683], [34.561932712131096, 10.242413330078142], [34.57500000000002, 10.262500000000017], [34.55416666666669, 10.300000000000018], [34.55475056966148, 10.33658040364585], [34.58750000000002, 10.333333333333352], [34.614592149522586, 10.308795166015642], [34.65091569688587, 10.328568183051233], [34.73958333333336, 10.329772949218768], [34.76875000000002, 10.349531385633698], [34.82842000325523, 10.328599378797762], [34.895209757487, 10.334242418077274], [34.916666666666686, 10.395833333333352], [34.90352884928387, 10.424094306098109], [34.850708346896724, 10.463387383355053], [34.84657016330297, 10.486607530381963], [34.858333333333356, 10.491666666666685], [34.82859937879776, 10.555192057291686], [34.89583333333336, 10.608333333333354], [34.87048000759551, 10.63504638671877], [34.87464667426217, 10.693379720052103], [34.90035332573787, 10.735047743055578], [34.887500000000024, 10.779166666666688], [34.9120313856337, 10.797916666666689], [34.90833333333335, 10.850000000000023], [34.9333197699653, 10.864582655164952], [34.96250000000002, 10.94166666666669], [34.94929165310332, 10.974112616644987], [34.90923292371964, 10.983994547526065], [34.89493374294707, 11.028505452473983], [34.85930107964412, 11.050396050347246], [34.84092848036026, 11.08677639431426], [34.814544338650194, 11.08815544976131], [34.754820760091164, 11.13014763726131], [34.72500000000002, 11.175000000000026], [34.733333333333356, 11.220833333333358], [34.68276604546443, 11.259079996744816], [34.71250000000002, 11.32083333333336], [34.74583333333335, 11.325000000000026], [34.775567287868945, 11.361753336588567], [34.77184007432728, 11.382522413465738], [34.79908057318796, 11.392370944552978], [34.8186228434245, 11.432766045464437], [34.865767076280406, 11.450661214192735], [34.87585076226131, 11.482482401529975], [34.90416666666669, 11.491666666666694], [34.91341959635419, 11.528583780924507], [34.94935438368058, 11.546736823187961], [34.97987094455297, 11.590747239854629], [35.03235439724395, 11.603533935546903], [35.05070834689673, 11.56755405002173], [35.09076266818579, 11.561855570475288], [35.09583333333336, 11.541666666666694], [35.12500000000002, 11.53333333333336], [35.12535807291669, 11.393376498752197], [35.19929165310332, 11.365779283311658], [35.228813340928845, 11.331591118706623], [35.246186659071206, 11.276712883843341], [35.24166666666669, 11.220833333333358], [35.266666666666694, 11.225000000000025], [35.28945617675784, 11.266099378797769], [35.419091118706625, 11.27464667426218], [35.450000000000024, 11.258333333333358], [35.53750000000003, 11.32083333333336], [35.62721048990888, 11.308900621202284], [35.679166666666696, 11.333333333333359], [35.70174221462676, 11.275353325737873], [35.75242445203996, 11.271186659071207], [35.87721048990888, 11.30056728786895], [35.9166666666667, 11.354166666666693], [35.95416666666668, 11.366666666666692], [35.97621493869359, 11.349432712131103], [36.05911000569663, 11.390946790907144], [36.14825778537328, 11.383686659071207], [36.1758509318034, 11.457482401529974], [36.22083333333335, 11.491666666666694], [36.22160474989151, 11.515895250108535], [36.24166666666668, 11.529166666666693], [36.299253336588556, 11.495266045464437], [36.33454827202693, 11.529733954535619], [36.39409111870661, 11.508686659071207], [36.49914906819663, 11.559184265136746], [36.51250000000002, 11.604166666666694], [36.57500000000002, 11.654166666666695], [36.60353393554689, 11.696812438964873], [36.6086866590712, 11.73992445203996], [36.64693128797745, 11.782634650336401], [36.6909371270074, 11.784043884277374], [36.691666666666684, 11.80000000000003], [36.73840569390193, 11.832695685492652], [36.77304382324221, 11.838067287868954], [36.84340888129343, 11.928813340928851], [36.89583333333336, 11.933333333333364], [36.90000000000002, 12.000000000000032], [36.9494327121311, 12.047789510091166], [36.93333333333336, 12.104166666666686], [36.970818752712695, 12.172916666666687], [36.96214667426217, 12.218379720052104], [37.02881334092884, 12.301742214626756], [37.03333333333336, 12.350000000000023], [37.008333333333354, 12.412500000000023], [37.02500000000002, 12.458333333333355], [37.03750000000002, 12.46666666666669], [37.08543056911895, 12.416665649414085], [37.12083333333336, 12.445833333333356], [37.15174221462676, 12.42535332573787], [37.19362284342451, 12.445266045464432], [37.227951727973114, 12.4369327121311], [37.26723395453561, 12.539710489908877], [37.329166666666694, 12.604166666666691], [37.33333333333336, 12.64166666666669], [37.41666666666669, 12.662500000000025], [37.454166666666694, 12.708333333333357], [37.53090888129343, 12.749646674262177], [37.554166666666696, 12.750000000000025], [37.578221299913224, 12.707387966579885], [37.58411017523874, 12.65492078993058], [37.616666666666696, 12.645833333333357], [37.60001458062069, 12.593750000000023], [37.60501742892798, 12.509184095594641], [37.621901787651936, 12.479872979058182], [37.64924112955732, 12.47844407823353], [37.67535332573787, 12.418382432725716], [37.65834621853301, 12.393750339084223], [37.68750000000003, 12.370833333333355], [37.70508558485246, 12.308552720811653], [37.72500000000003, 12.304166666666688], [37.741666666666696, 12.266666666666687], [37.795225694444476, 12.23658650716148], [37.79583333333336, 12.220833333333355], [37.829166666666694, 12.229166666666687], [37.8975755479601, 12.1711866590712], [37.95742899576826, 12.18269009060332], [37.995276726616765, 12.156256442599847], [38.00073513454863, 12.129969278971373], [38.129166666666684, 12.075000000000019], [38.12952151828344, 12.026714409722242], [38.17083333333335, 12.000000000000018], [38.21609937879776, 11.935543823242206], [38.21701999240453, 11.873285590277808], [38.19530385335288, 11.85739254421661], [38.220270962185346, 11.815533277723555], [38.24166666666668, 11.720833333333363], [38.32826232910158, 11.753436279296904], [38.42325778537328, 11.692019992404543], [38.479166666666686, 11.750000000000028], [38.524190436469205, 11.75902133517798], [38.52998843722875, 11.782729932996991], [38.57600538465714, 11.816016133626333], [38.6281689114041, 11.81188964843753], [38.633333333333354, 11.80000000000003], [38.71588422987198, 11.816003587510881], [38.77180107964412, 11.68789588080515], [38.85637715657554, 11.663067287868952], [38.888663058810785, 11.683699205186661], [38.92304382324221, 11.67973395453562], [38.9811228434245, 11.724432712131104], [39.00074666341148, 11.720266045464438], [39.03333333333336, 11.791666666666696], [39.08750000000002, 11.78750000000003], [39.08306884765627, 11.813637118869387], [39.10416666666669, 11.83750000000003], [39.160543823242215, 11.84223395453562], [39.253420003255236, 11.883900621202287], [39.31250000000003, 11.87500000000003], [39.37083333333336, 11.93750000000003], [39.40833333333336, 11.945833333333365], [39.39548000759551, 11.91004621717668], [39.400353325737875, 11.839242214626767], [39.425000000000026, 11.816666666666697], [39.45508626302086, 11.73391621907555], [39.48333333333336, 11.716666666666695], [39.5291666666667, 11.72500000000003], [39.56666666666669, 11.691666666666695], [39.562853325737876, 11.655908881293431], [39.5833187527127, 11.622916666666695], [39.56604919433597, 11.568034532335098], [39.57881198459204, 11.530881245931017], [39.54201999240454, 11.506591118706625], [39.538188001844645, 11.467476230197509], [39.5582194010417, 11.46134117974178], [39.56732245551218, 11.42179311116539], [39.60869920518666, 11.37616322835289], [39.57979465060767, 11.349091932508706], [39.57859937879777, 11.328420003255234], [39.612500000000026, 11.258333333333358], [39.554166666666696, 11.29583333333336], [39.53750000000003, 11.245833333333358], [39.603315904405406, 11.211649068196639], [39.61751742892798, 11.121684095594642], [39.6541666666667, 11.087500000000023], [39.675000000000026, 11.025000000000023], [39.613302612304715, 10.995098198784746], [39.60338575575089, 10.959011162651933], [39.57119140625003, 10.952457004123287], [39.63298000759551, 10.848257785373285], [39.59583333333336, 10.800000000000022], [39.63293728298614, 10.782365587022591], [39.667498440212704, 10.71720174153648], [39.71693420410159, 10.694884914822069], [39.708333333333364, 10.65000000000002], [39.73806728786895, 10.600746663411478], [39.73806728786895, 10.547789510091166], [39.78030395507815, 10.441402180989602], [39.80056728786895, 10.440451727973109], [39.79166666666669, 10.395833333333352], [39.808333333333366, 10.38333333333335], [39.80776604546444, 10.331122843424497], [39.75798000759551, 10.2058797200521], [39.79093153211809, 10.12996927897137], [39.77145080566409, 10.118826972113732], [39.7618825276693, 10.0436730278863], [39.72500000000003, 9.966666666666697], [39.72087368435333, 9.901530456543], [39.745833333333366, 9.854166666666696], [39.725353325737856, 9.798257785373293], [39.73297966851131, 9.768380567762616], [39.72083333333336, 9.76250000000003], [39.737031385633706, 9.69375000000003], [39.728813340928845, 9.655908881293431], [39.68241373697919, 9.609037611219646], [39.65506625705298, 9.603505452473986], [39.649291653103326, 9.584220716688396], [39.58750000000003, 9.562500000000028], [39.582577853732666, 9.529887898763048], [39.55910983615454, 9.528446790907147], [39.529252454969644, 9.372182888454887], [39.550000000000026, 9.354166666666693], [39.53333333333336, 9.287500000000026], [39.45744594997832, 9.370124816894558], [39.34166666666669, 9.416666666666693], [39.311760796441, 9.329941304524766], [39.25918409559464, 9.319982401529973], [39.24929165310332, 9.28838738335506], [39.16840888129343, 9.270480007595511], [39.14825778537329, 9.250353325737873], [39.0811228434245, 9.253599378797768], [39.035417344835096, 9.229180399576848], [39.008994547526065, 9.232433742947073], [38.96875000000002, 9.200468783908445], [38.874253336588566, 9.225567287868948], [38.84166666666669, 9.212500000000025], [38.83714667426217, 9.13924221462676], [38.819091118706616, 9.104519992404537], [38.77708333333335, 9.112031385633705], [38.752210489908876, 9.092233954535615], [38.70833333333336, 9.087500000000023], [38.62425333658856, 9.129733954535615], [38.56007554796009, 9.125353325737871], [38.56250000000002, 9.158333333333358], [38.537146674262175, 9.194091118706622], [38.49409111870661, 9.224646674262178], [38.44248080783422, 9.217323472764782], [38.436882358127185, 9.264660135904974], [38.40833333333335, 9.308333333333358], [38.39166666666669, 9.304166666666692], [38.370266045464426, 9.294618394639782], [38.396400621202275, 9.20491333007815], [38.38262481689455, 9.117554050021726], [38.34668426513674, 9.105017428927976], [38.32916666666669, 9.150000000000023], [38.29583333333335, 9.154166666666692], [38.26756625705297, 9.113161214192733], [38.23670010036894, 9.153431193033878], [38.20880245632597, 9.141049194335961], [38.185423278808614, 9.174443393283445], [38.152954101562514, 9.145758734809052], [38.13750000000002, 9.154166666666692], [38.14910040961373, 9.1048278808594], [38.07560238308378, 9.078252156575545], [38.07440117730036, 9.042690361870683], [38.04109937879776, 9.017664252387176], [38.040504625108525, 8.946239217122418], [37.99166666666668, 8.90416666666669], [38.00833333333336, 8.866666666666688], [38.05000000000002, 8.85416666666669], [38.04127078586156, 8.817634412977451], [37.976956176757824, 8.795266045464432], [37.958333333333364, 8.770833333333355], [37.92590569390194, 8.783971150716168], [37.9041666666667, 8.816666666666688], [37.8850755479601, 8.816313340928842], [37.78333333333336, 8.745833333333355], [37.71250000000003, 8.737500000000022], [37.66075778537329, 8.704519992404535], [37.614583333333364, 8.704635281033006], [37.58243645562069, 8.736827935112869], [37.50506625705298, 8.733994547526063], [37.47500000000003, 8.779166666666688], [37.510543823242216, 8.779733954535612], [37.54108378092451, 8.800919596354188], [37.5673278808594, 8.86993374294707], [37.612500000000026, 8.900000000000023], [37.61214667426218, 8.91909111870662], [37.58162027994794, 8.933686659071203], [37.52083333333336, 8.920833333333356], [37.46702473958336, 8.980876329210092], [37.44127061631947, 9.053198920355927], [37.387235514322946, 9.088637288411482], [37.3946960449219, 9.112764485677108], [37.325000000000024, 9.100000000000025], [37.28368835449221, 9.139213053385442], [37.27916666666669, 9.170833333333357], [37.23823615180124, 9.17575785319013], [37.23684455023874, 9.197955661349852], [37.204166666666694, 9.23333333333336], [37.170833333333356, 9.245833333333358], [37.08750000000002, 9.32083333333336], [37.05833333333336, 9.366666666666692], [37.03248324924047, 9.367233954535617], [36.99076097276478, 9.317304314507403], [36.95416666666669, 9.308333333333358], [36.963067287868945, 9.275746663411484], [36.93298000759551, 9.172575547960093], [36.86666666666669, 9.129166666666691], [36.90415310329863, 9.089584350585962], [36.93785332573787, 9.010049099392385], [36.93333333333336, 8.887500000000022], [37.017517428927974, 8.780017428927973], [37.04075113932294, 8.778568183051236], [37.028599378797765, 8.729913330078146], [37.06701999240454, 8.647549099392382], [37.0708194308811, 8.568749321831618], [37.045833333333356, 8.487500000000018], [36.987500000000026, 8.450000000000019], [36.95798000759551, 8.310075547960087], [36.9336866590712, 8.281591118706615], [36.941099378797766, 8.247789510091163], [36.91250000000002, 8.19583333333335], [36.91609937879777, 8.172789510091162], [36.87916666666669, 8.129166666666682], [36.87048000759551, 8.072575547960085], [36.85000000000002, 8.050000000000015], [36.84201999240454, 7.955908881293418], [36.89223395453561, 7.830103895399335], [36.883333333333354, 7.783333333333363], [36.8645711263021, 7.787113952636748], [36.76343722873266, 7.728599378797773], [36.72674221462675, 7.745480007595516], [36.660757785373285, 7.717019992404543], [36.57916666666669, 7.716666666666695], [36.5424021402995, 7.742466566297772], [36.533219401041684, 7.7863411797417825], [36.50625847710506, 7.8036114162869215], [36.475999620225714, 7.795215691460533], [36.47083333333335, 7.829166666666696], [36.43958333333335, 7.845818752712704], [36.37083333333335, 7.833333333333363], [36.33132680257163, 7.80061764187286], [36.2617633395725, 7.80061764187286], [36.218750000000014, 7.766681247287355], [36.15121493869359, 7.77973395453562], [36.11250000000002, 7.725000000000029], [36.09668426513674, 7.725850931803414], [36.095833333333346, 7.7625000000000295], [36.033994547526056, 7.796732923719648], [36.02859937879776, 7.8218449910482075], [36.04526604546442, 7.839456176757842], [36.066666666666684, 7.962500000000015], [36.09166666666668, 7.975000000000032], [36.082766045464425, 8.038714938693609], [36.13161892361113, 8.07951999240453], [36.20416666666668, 8.075000000000015], [36.21788160536026, 8.146400621202273], [36.26075778537328, 8.146186659071198], [36.29547458224828, 8.176710679796024], [36.28995683458118, 8.195475260416684], [36.25833333333335, 8.20833333333335], [36.29583333333335, 8.250000000000018], [36.143622843424495, 8.329733954535609], [36.10833333333335, 8.375000000000018], [36.12140062120227, 8.436285061306442], [36.09973534478083, 8.463637288411476], [36.11214667426217, 8.585757785373284], [36.095833333333346, 8.620833333333353], [36.059301079644115, 8.637896050347242], [36.01875000000001, 8.695364718967035], [35.94092000325522, 8.691099378797764], [35.86445617675783, 8.729733954535611]]]}, "properties": {"zone_key": "cat_gerd", "name": "Blue Nile (GERD)", "plant": "GERD ~5.2 GW", "countries": "ETH", "dam_lat": 11.214, "dam_lon": 35.093, "area_km2": 176969, "n_basins": 81, "label_lon": 37.1661, "label_lat": 10.2264}}]}